# ************************************************************
# Sequel Pro SQL dump
# Version 4096
#
# http://www.sequelpro.com/
# http://code.google.com/p/sequel-pro/
#
# Host: 127.0.0.1 (MySQL 5.6.17)
# Database: wikufest_db
# Generation Time: 2015-01-25 16:42:27 +0000
# ************************************************************


/*!40101 SET @OLD_CHARACTER_SET_CLIENT=@@CHARACTER_SET_CLIENT */;
/*!40101 SET @OLD_CHARACTER_SET_RESULTS=@@CHARACTER_SET_RESULTS */;
/*!40101 SET @OLD_COLLATION_CONNECTION=@@COLLATION_CONNECTION */;
/*!40101 SET NAMES utf8 */;
/*!40014 SET @OLD_FOREIGN_KEY_CHECKS=@@FOREIGN_KEY_CHECKS, FOREIGN_KEY_CHECKS=0 */;
/*!40101 SET @OLD_SQL_MODE=@@SQL_MODE, SQL_MODE='NO_AUTO_VALUE_ON_ZERO' */;
/*!40111 SET @OLD_SQL_NOTES=@@SQL_NOTES, SQL_NOTES=0 */;


# Dump of table audience_course_sessions
# ------------------------------------------------------------



# Dump of table audience_promocode_statuses
# ------------------------------------------------------------



# Dump of table course_comments
# ------------------------------------------------------------



# Dump of table course_sessions
# ------------------------------------------------------------



# Dump of table courses
# ------------------------------------------------------------



# Dump of table roles
# ------------------------------------------------------------

LOCK TABLES `roles` WRITE;
/*!40000 ALTER TABLE `roles` DISABLE KEYS */;

INSERT INTO `roles` (`id`, `name`, `role`)
VALUES
	(1,'Administrator','ROLE_ADMIN'),
	(2,'Operator','ROLE_OPERATOR'),
	(3,'Author','ROLE_AUTHOR'),
	(4,'Audience','ROLE_AUDIENCE'),
	(5,'Speaker','ROLE_SPEAKER');

/*!40000 ALTER TABLE `roles` ENABLE KEYS */;
UNLOCK TABLES;


# Dump of table rooms
# ------------------------------------------------------------

LOCK TABLES `rooms` WRITE;
/*!40000 ALTER TABLE `rooms` DISABLE KEYS */;

INSERT INTO `rooms` (`id`, `name`, `capacity`)
VALUES
	(1,'Wikusama',288),
	(2,'Axis Media',40),
	(3,'PrimaFX',40),
	(4,'Negakom',40),
	(5,'EACIIT',40),
	(6,'Mozilla',40),
	(7,'Pictalogi',40),
	(8,'BKT',40),
	(9,'Paradays',40),
	(10,'Sprei Bola',40);

/*!40000 ALTER TABLE `rooms` ENABLE KEYS */;
UNLOCK TABLES;


# Dump of table user_blog_statuses
# ------------------------------------------------------------



# Dump of table user_blogs
# ------------------------------------------------------------



# Dump of table user_profiles
# ------------------------------------------------------------

LOCK TABLES `user_profiles` WRITE;
/*!40000 ALTER TABLE `user_profiles` DISABLE KEYS */;

INSERT INTO `user_profiles` (`id`, `user_id`, `fullname`, `occupacy`, `company_name`, `summary`, `account_activation`, `profile_picture_path`, `twitter_account`, `facebook_account`, `linkedin_account`, `student_class_name`, `student_id_number`, `phone_number`, `date_created`, `gender`, `is_have_promocode`)
VALUES
	(1,2,'ADISTY ROSCA AYU PRANANDA',NULL,NULL,NULL,'2015-01-18 22:40:14',NULL,NULL,NULL,NULL,'XI-T1-01',NULL,NULL,NULL,'2',NULL),
	(2,3,'AIDAH HUSNUN FAUZIAH',NULL,NULL,NULL,'2015-01-18 22:44:45',NULL,NULL,NULL,NULL,'XI-T1-02',NULL,NULL,NULL,'2',NULL),
	(3,4,'AISYAH BELLIA',NULL,NULL,NULL,'2015-01-18 22:44:45',NULL,NULL,NULL,NULL,'XI-T1-03',NULL,NULL,NULL,'2',NULL),
	(4,5,'AJENG SETORESMI',NULL,NULL,NULL,'2015-01-18 22:44:45',NULL,NULL,NULL,NULL,'XI-T1-04',NULL,NULL,NULL,'2',NULL),
	(5,6,'Akhmad Fanani',NULL,NULL,NULL,'2015-01-18 22:44:45',NULL,NULL,NULL,NULL,'XI-T1-05',NULL,NULL,NULL,'1',NULL),
	(6,7,'Albab Fajar Oryza',NULL,NULL,NULL,NULL,NULL,NULL,NULL,NULL,'XI-T1-06',NULL,NULL,NULL,'1',NULL),
	(7,8,'ALFI KHOIRU NISAK',NULL,NULL,NULL,NULL,NULL,NULL,NULL,NULL,'XI-T1-07',NULL,NULL,NULL,'2',NULL),
	(8,9,'Alfian Nurdiansyah',NULL,NULL,NULL,NULL,NULL,NULL,NULL,NULL,'XI-T1-08',NULL,NULL,NULL,'1',NULL),
	(9,10,'Andrew Anggoro Putro',NULL,NULL,NULL,NULL,NULL,NULL,NULL,NULL,'XI-T1-09',NULL,NULL,NULL,'1',NULL),
	(10,11,'Bagus Cahyawan Hartono',NULL,NULL,NULL,NULL,NULL,NULL,NULL,NULL,'XI-T1-10',NULL,NULL,NULL,'1',NULL),
	(11,12,'Cahyo Adi Putra Kusuma',NULL,NULL,NULL,NULL,NULL,NULL,NULL,NULL,'XI-T1-11',NULL,NULL,NULL,'1',NULL),
	(12,13,'Difa Sanditya Alifian',NULL,NULL,NULL,NULL,NULL,NULL,NULL,NULL,'XI-T1-12',NULL,NULL,NULL,'1',NULL),
	(13,14,'Ferlian Eggy Syahputra',NULL,NULL,NULL,NULL,NULL,NULL,NULL,NULL,'XI-T1-13',NULL,NULL,NULL,'1',NULL),
	(14,15,'FRANSISKA TIARA DITA',NULL,NULL,NULL,NULL,NULL,NULL,NULL,NULL,'XI-T1-14',NULL,NULL,NULL,'2',NULL),
	(15,16,'HERDIANA DEWI',NULL,NULL,NULL,NULL,NULL,NULL,NULL,NULL,'XI-T1-15',NULL,NULL,NULL,'2',NULL),
	(16,17,'Ian Adams Firmansyah',NULL,NULL,NULL,NULL,NULL,NULL,NULL,NULL,'XI-T1-16',NULL,NULL,NULL,'1',NULL),
	(17,18,'INAS NABILA',NULL,NULL,NULL,NULL,NULL,NULL,NULL,NULL,'XI-T1-17',NULL,NULL,NULL,'2',NULL),
	(18,19,'Krishna Aditya Siswantoro',NULL,NULL,NULL,NULL,NULL,NULL,NULL,NULL,'XI-T1-18',NULL,NULL,NULL,'1',NULL),
	(19,20,'LINTANG PRADNYA SUKMA PRAMESTI',NULL,NULL,NULL,NULL,NULL,NULL,NULL,NULL,'XI-T1-19',NULL,NULL,NULL,'2',NULL),
	(20,21,'Made Bayu Wira Arya',NULL,NULL,NULL,NULL,NULL,NULL,NULL,NULL,'XI-T1-20',NULL,NULL,NULL,'1',NULL),
	(21,22,'MARTHA HERDUVIA',NULL,NULL,NULL,NULL,NULL,NULL,NULL,NULL,'XI-T1-21',NULL,NULL,NULL,'2',NULL),
	(22,23,'Mochammad Rofit Maulana',NULL,NULL,NULL,NULL,NULL,NULL,NULL,NULL,'XI-T1-22',NULL,NULL,NULL,'1',NULL),
	(23,24,'Muhammad Hafizuddin Mansur',NULL,NULL,NULL,NULL,NULL,NULL,NULL,NULL,'XI-T1-23',NULL,NULL,NULL,'1',NULL),
	(24,25,'NABILLAH PUTRI RAHMADHANI',NULL,NULL,NULL,NULL,NULL,NULL,NULL,NULL,'XI-T1-24',NULL,NULL,NULL,'2',NULL),
	(25,26,'NADIA EKA AMIRA',NULL,NULL,NULL,NULL,NULL,NULL,NULL,NULL,'XI-T1-25',NULL,NULL,NULL,'2',NULL),
	(26,27,'NADYA FITRI AMALIA',NULL,NULL,NULL,NULL,NULL,NULL,NULL,NULL,'XI-T1-26',NULL,NULL,NULL,'2',NULL),
	(27,28,'Navizah Cahya',NULL,NULL,NULL,NULL,NULL,NULL,NULL,NULL,'XI-T1-27',NULL,NULL,NULL,'1',NULL),
	(28,29,'Nur Cahyo Kuncoro',NULL,NULL,NULL,NULL,NULL,NULL,NULL,NULL,'XI-T1-28',NULL,NULL,NULL,'1',NULL),
	(29,30,'Putra Wahyu Kurniawan',NULL,NULL,NULL,NULL,NULL,NULL,NULL,NULL,'XI-T1-29',NULL,NULL,NULL,'1',NULL),
	(30,31,'Rafdi Herwin Saputra',NULL,NULL,NULL,NULL,NULL,NULL,NULL,NULL,'XI-T1-30',NULL,NULL,NULL,'1',NULL),
	(31,32,'RIZKA AYU TITIK SURYANI',NULL,NULL,NULL,NULL,NULL,NULL,NULL,NULL,'XI-T1-31',NULL,NULL,NULL,'2',NULL),
	(32,33,'RIZKA MALFYANI',NULL,NULL,NULL,NULL,NULL,NULL,NULL,NULL,'XI-T1-32',NULL,NULL,NULL,'2',NULL),
	(33,34,'RIZKA PEBRYANTI IVA PUTRI',NULL,NULL,NULL,NULL,NULL,NULL,NULL,NULL,'XI-T1-33',NULL,NULL,NULL,'2',NULL),
	(34,35,'ROSITA TRISNA MANDASARI',NULL,NULL,NULL,NULL,NULL,NULL,NULL,NULL,'XI-T1-34',NULL,NULL,NULL,'2',NULL),
	(35,36,'Salsabila Al Harifi',NULL,NULL,NULL,NULL,NULL,NULL,NULL,NULL,'XI-T1-35',NULL,NULL,NULL,'1',NULL),
	(36,37,'Satrio Yudho Wicaksono',NULL,NULL,NULL,NULL,NULL,NULL,NULL,NULL,'XI-T1-36',NULL,NULL,NULL,'1',NULL),
	(37,38,'Setyawan Muhammad',NULL,NULL,NULL,NULL,NULL,NULL,NULL,NULL,'XI-T1-37',NULL,NULL,NULL,'1',NULL),
	(38,39,'Shauqi Naufaldy',NULL,NULL,NULL,NULL,NULL,NULL,NULL,NULL,'XI-T1-38',NULL,NULL,NULL,'1',NULL),
	(39,40,'Wahyudi Rudiyanto',NULL,NULL,NULL,NULL,NULL,NULL,NULL,NULL,'XI-T1-39',NULL,NULL,NULL,'1',NULL),
	(40,41,'Whisnu Suko Bayu Aji',NULL,NULL,NULL,NULL,NULL,NULL,NULL,NULL,'XI-T1-40',NULL,NULL,NULL,'1',NULL),
	(41,42,'WINDY CHRISTALIA',NULL,NULL,NULL,NULL,NULL,NULL,NULL,NULL,'XI-T1-41',NULL,NULL,NULL,'2',NULL),
	(42,43,'Abdillah Defa Saputra',NULL,NULL,NULL,NULL,NULL,NULL,NULL,NULL,'XI-T2-01',NULL,NULL,NULL,'1',NULL),
	(43,44,'Aca Ainul Cellin Putra',NULL,NULL,NULL,NULL,NULL,NULL,NULL,NULL,'XI-T2-02',NULL,NULL,NULL,'1',NULL),
	(44,45,'Aditya Budi Saputra',NULL,NULL,NULL,NULL,NULL,NULL,NULL,NULL,'XI-T2-03',NULL,NULL,NULL,'1',NULL),
	(45,46,'Ahmad Rafif Fairuz Rizziqin',NULL,NULL,NULL,NULL,NULL,NULL,NULL,NULL,'XI-T2-04',NULL,NULL,NULL,'1',NULL),
	(46,47,'AIDA KARTIKA ALIT RAHMASARI',NULL,NULL,NULL,NULL,NULL,NULL,NULL,NULL,'XI-T2-05',NULL,NULL,NULL,'2',NULL),
	(47,48,'Aldo Andre Erzhal Syahreza',NULL,NULL,NULL,NULL,NULL,NULL,NULL,NULL,'XI-T2-06',NULL,NULL,NULL,'1',NULL),
	(48,49,'Alif Santika Pradana Idris',NULL,NULL,NULL,NULL,NULL,NULL,NULL,NULL,'XI-T2-07',NULL,NULL,NULL,'1',NULL),
	(49,50,'AMIRA RUDI NAHDIRI',NULL,NULL,NULL,NULL,NULL,NULL,NULL,NULL,'XI-T2-08',NULL,NULL,NULL,'2',NULL),
	(50,51,'ANGLIA DINDA PRAMEDI',NULL,NULL,NULL,NULL,NULL,NULL,NULL,NULL,'XI-T2-09',NULL,NULL,NULL,'2',NULL),
	(51,52,'Anindio Lukito',NULL,NULL,NULL,NULL,NULL,NULL,NULL,NULL,'XI-T2-10',NULL,NULL,NULL,'1',NULL),
	(52,53,'ASTRID PUSPITA ANGGRAENI',NULL,NULL,NULL,NULL,NULL,NULL,NULL,NULL,'XI-T2-11',NULL,NULL,NULL,'2',NULL),
	(53,54,'AULIYA FITRI NUR LAILI',NULL,NULL,NULL,NULL,NULL,NULL,NULL,NULL,'XI-T2-12',NULL,NULL,NULL,'2',NULL),
	(54,55,'Bagus Kusuma Pradana',NULL,NULL,NULL,NULL,NULL,NULL,NULL,NULL,'XI-T2-13',NULL,NULL,NULL,'1',NULL),
	(55,56,'BELLA RESSINA DACHNIAR',NULL,NULL,NULL,NULL,NULL,NULL,NULL,NULL,'XI-T2-14',NULL,NULL,NULL,'2',NULL),
	(56,57,'Brilliant Nur Firdaus',NULL,NULL,NULL,NULL,NULL,NULL,NULL,NULL,'XI-T2-15',NULL,NULL,NULL,'1',NULL),
	(57,58,'Dharma Yusuf Setiawan',NULL,NULL,NULL,NULL,NULL,NULL,NULL,NULL,'XI-T2-16',NULL,NULL,NULL,'1',NULL),
	(58,59,'DIAN LIANA ERIS WIDODO',NULL,NULL,NULL,NULL,NULL,NULL,NULL,NULL,'XI-T2-17',NULL,NULL,NULL,'2',NULL),
	(59,60,'Diffa Adrian Rahma Chiesa',NULL,NULL,NULL,NULL,NULL,NULL,NULL,NULL,'XI-T2-18',NULL,NULL,NULL,'1',NULL),
	(60,61,'Dwi Arif Rahman Akhsin',NULL,NULL,NULL,NULL,NULL,NULL,NULL,NULL,'XI-T2-19',NULL,NULL,NULL,'1',NULL),
	(61,62,'GAILLARDIA ARIFA ALMAS',NULL,NULL,NULL,NULL,NULL,NULL,NULL,NULL,'XI-T2-20',NULL,NULL,NULL,'2',NULL),
	(62,63,'Harits Hammam Al Asyhar',NULL,NULL,NULL,NULL,NULL,NULL,NULL,NULL,'XI-T2-21',NULL,NULL,NULL,'1',NULL),
	(63,64,'Ilham Narenda Putra',NULL,NULL,NULL,NULL,NULL,NULL,NULL,NULL,'XI-T2-22',NULL,NULL,NULL,'1',NULL),
	(64,65,'ISTIQFAR NADA MADUWANGI',NULL,NULL,NULL,NULL,NULL,NULL,NULL,NULL,'XI-T2-23',NULL,NULL,NULL,'2',NULL),
	(65,66,'Joki Dewa Putra',NULL,NULL,NULL,NULL,NULL,NULL,NULL,NULL,'XI-T2-24',NULL,NULL,NULL,'1',NULL),
	(66,67,'Mochamad Gusti Ihza Mahendra',NULL,NULL,NULL,NULL,NULL,NULL,NULL,NULL,'XI-T2-25',NULL,NULL,NULL,'1',NULL),
	(67,68,'Mohammad Iqbal Pratama Yasin',NULL,NULL,NULL,NULL,NULL,NULL,NULL,NULL,'XI-T2-26',NULL,NULL,NULL,'1',NULL),
	(68,69,'Mubiyarto Wibisono',NULL,NULL,NULL,NULL,NULL,NULL,NULL,NULL,'XI-T2-27',NULL,NULL,NULL,'1',NULL),
	(69,70,'Muhamad Fadillah Ramadhan',NULL,NULL,NULL,NULL,NULL,NULL,NULL,NULL,'XI-T2-28',NULL,NULL,NULL,'1',NULL),
	(70,71,'Mukhlis Nur Majid',NULL,NULL,NULL,NULL,NULL,NULL,NULL,NULL,'XI-T2-29',NULL,NULL,NULL,'1',NULL),
	(71,72,'Oktavianus Ernanda',NULL,NULL,NULL,NULL,NULL,NULL,NULL,NULL,'XI-T2-30',NULL,NULL,NULL,'1',NULL),
	(72,73,'PUTRI HARVIANA',NULL,NULL,NULL,NULL,NULL,NULL,NULL,NULL,'XI-T2-31',NULL,NULL,NULL,'2',NULL),
	(73,74,'Quratara Tugas Dony Wahyudi Wijaya',NULL,NULL,NULL,NULL,NULL,NULL,NULL,NULL,'XI-T2-32',NULL,NULL,NULL,'1',NULL),
	(74,75,'RAMADHINA AMANATUL RIZKI',NULL,NULL,NULL,NULL,NULL,NULL,NULL,NULL,'XI-T2-33',NULL,NULL,NULL,'2',NULL),
	(75,76,'Rehan Putra Bangsa',NULL,NULL,NULL,NULL,NULL,NULL,NULL,NULL,'XI-T2-34',NULL,NULL,NULL,'1',NULL),
	(76,77,'RIMBA GUNTORO PUTRI',NULL,NULL,NULL,NULL,NULL,NULL,NULL,NULL,'XI-T2-35',NULL,NULL,NULL,'2',NULL),
	(77,78,'SAFIRA AINUN NABILA',NULL,NULL,NULL,NULL,NULL,NULL,NULL,NULL,'XI-T2-36',NULL,NULL,NULL,'2',NULL),
	(78,79,'SINANGLING WANGSITING ESTHI',NULL,NULL,NULL,NULL,NULL,NULL,NULL,NULL,'XI-T2-37',NULL,NULL,NULL,'2',NULL),
	(79,80,'Taufiqurrahman',NULL,NULL,NULL,NULL,NULL,NULL,NULL,NULL,'XI-T2-38',NULL,NULL,NULL,'1',NULL),
	(80,81,'VALENTINA MAHARANI',NULL,NULL,NULL,NULL,NULL,NULL,NULL,NULL,'XI-T2-39',NULL,NULL,NULL,'2',NULL),
	(81,82,'VIRA ROSIANA WIDIANTI',NULL,NULL,NULL,NULL,NULL,NULL,NULL,NULL,'XI-T2-40',NULL,NULL,NULL,'2',NULL),
	(82,83,'YEVINA INDRASWARI',NULL,NULL,NULL,NULL,NULL,NULL,NULL,NULL,'XI-T2-41',NULL,NULL,NULL,'2',NULL),
	(83,84,'Abdillah Mulia Drajat',NULL,NULL,NULL,NULL,NULL,NULL,NULL,NULL,'XI-T3-01',NULL,NULL,NULL,'1',NULL),
	(84,85,'Adi Alam Cahya',NULL,NULL,NULL,NULL,NULL,NULL,NULL,NULL,'XI-T3-02',NULL,NULL,NULL,'1',NULL),
	(85,86,'ADINDA SUGMA NUR CHOIRIYAH',NULL,NULL,NULL,NULL,NULL,NULL,NULL,NULL,'XI-T3-03',NULL,NULL,NULL,'2',NULL),
	(86,87,'Afuwa Hidayah Mulyo',NULL,NULL,NULL,NULL,NULL,NULL,NULL,NULL,'XI-T3-04',NULL,NULL,NULL,'1',NULL),
	(87,88,'Alfian Ridho Zulfikar',NULL,NULL,NULL,NULL,NULL,NULL,NULL,NULL,'XI-T3-05',NULL,NULL,NULL,'1',NULL),
	(88,89,'ANISA FATHUL CHOIRIYAH',NULL,NULL,NULL,NULL,NULL,NULL,NULL,NULL,'XI-T3-06',NULL,NULL,NULL,'2',NULL),
	(89,90,'Arif Wahyu Aldianto',NULL,NULL,NULL,NULL,NULL,NULL,NULL,NULL,'XI-T3-07',NULL,NULL,NULL,'1',NULL),
	(90,91,'AYU RIZKYTA SARI',NULL,NULL,NULL,NULL,NULL,NULL,NULL,NULL,'XI-T3-08',NULL,NULL,NULL,'2',NULL),
	(91,92,'Bagas Alif Utama',NULL,NULL,NULL,NULL,NULL,NULL,NULL,NULL,'XI-T3-09',NULL,NULL,NULL,'1',NULL),
	(92,93,'Bey Odigdo',NULL,NULL,NULL,NULL,NULL,NULL,NULL,NULL,'XI-T3-10',NULL,NULL,NULL,'1',NULL),
	(93,94,'Danang Bayu Laksono',NULL,NULL,NULL,NULL,NULL,NULL,NULL,NULL,'XI-T3-11',NULL,NULL,NULL,'1',NULL),
	(94,95,'DANINDA RETNO PUTRI',NULL,NULL,NULL,NULL,NULL,NULL,NULL,NULL,'XI-T3-12',NULL,NULL,NULL,'2',NULL),
	(95,96,'DECHA PUTRI LANDUNGSARI',NULL,NULL,NULL,NULL,NULL,NULL,NULL,NULL,'XI-T3-13',NULL,NULL,NULL,'2',NULL),
	(96,97,'DELLINCA GAMARTRI ACHIRTANTYA',NULL,NULL,NULL,NULL,NULL,NULL,NULL,NULL,'XI-T3-14',NULL,NULL,NULL,'2',NULL),
	(97,98,'DEVI PUSPITA SARI',NULL,NULL,NULL,NULL,NULL,NULL,NULL,NULL,'XI-T3-15',NULL,NULL,NULL,'2',NULL),
	(98,99,'Dhirendra Yudhistira',NULL,NULL,NULL,NULL,NULL,NULL,NULL,NULL,'XI-T3-16',NULL,NULL,NULL,'1',NULL),
	(99,100,'Dwi Cahya Setyawan',NULL,NULL,NULL,NULL,NULL,NULL,NULL,NULL,'XI-T3-17',NULL,NULL,NULL,'1',NULL),
	(100,101,'DWI SETIYA MAHDASELA',NULL,NULL,NULL,NULL,NULL,NULL,NULL,NULL,'XI-T3-18',NULL,NULL,NULL,'2',NULL),
	(101,102,'ECHI PRAMESTI YULLIA PUTRI',NULL,NULL,NULL,NULL,NULL,NULL,NULL,NULL,'XI-T3-19',NULL,NULL,NULL,'2',NULL),
	(102,103,'FADHILLAH NOVITA',NULL,NULL,NULL,NULL,NULL,NULL,NULL,NULL,'XI-T3-20',NULL,NULL,NULL,'2',NULL),
	(103,104,'Haidar Alvinanda Sulistyo',NULL,NULL,NULL,NULL,NULL,NULL,NULL,NULL,'XI-T3-21',NULL,NULL,NULL,'1',NULL),
	(104,105,'Hardi Putra Atyasa',NULL,NULL,NULL,NULL,NULL,NULL,NULL,NULL,'XI-T3-22',NULL,NULL,NULL,'1',NULL),
	(105,106,'Haris Yusuf Bakhtiar',NULL,NULL,NULL,NULL,NULL,NULL,NULL,NULL,'XI-T3-23',NULL,NULL,NULL,'1',NULL),
	(106,107,'Ignatius Armando Sulistyo',NULL,NULL,NULL,NULL,NULL,NULL,NULL,NULL,'XI-T3-24',NULL,NULL,NULL,'1',NULL),
	(107,108,'JELITA SEKAR MELATI',NULL,NULL,NULL,NULL,NULL,NULL,NULL,NULL,'XI-T3-25',NULL,NULL,NULL,'2',NULL),
	(108,109,'Kurniawan Aji Pangestu',NULL,NULL,NULL,NULL,NULL,NULL,NULL,NULL,'XI-T3-26',NULL,NULL,NULL,'1',NULL),
	(109,110,'M. Isnainur Hidayatullah',NULL,NULL,NULL,NULL,NULL,NULL,NULL,NULL,'XI-T3-27',NULL,NULL,NULL,'1',NULL),
	(110,111,'Mohammad Alfan Fathony',NULL,NULL,NULL,NULL,NULL,NULL,NULL,NULL,'XI-T3-28',NULL,NULL,NULL,'1',NULL),
	(111,112,'Mohammad Dany Sugiharto',NULL,NULL,NULL,NULL,NULL,NULL,NULL,NULL,'XI-T3-29',NULL,NULL,NULL,'1',NULL),
	(112,113,'Muhammad Arsyad Hidayatullah',NULL,NULL,NULL,NULL,NULL,NULL,NULL,NULL,'XI-T3-30',NULL,NULL,NULL,'1',NULL),
	(113,114,'Muhammad Naufal Ardana Putra',NULL,NULL,NULL,NULL,NULL,NULL,NULL,NULL,'XI-T3-31',NULL,NULL,NULL,'1',NULL),
	(114,115,'NADILA PRAMESTI REGITA CAHYANI',NULL,NULL,NULL,NULL,NULL,NULL,NULL,NULL,'XI-T3-32',NULL,NULL,NULL,'2',NULL),
	(115,116,'NOVITALIA PRAMESTI RIGITA CAHYANI',NULL,NULL,NULL,NULL,NULL,NULL,NULL,NULL,'XI-T3-33',NULL,NULL,NULL,'2',NULL),
	(116,117,'RAFIKA SELWA FEBRIANA',NULL,NULL,NULL,NULL,NULL,NULL,NULL,NULL,'XI-T3-34',NULL,NULL,NULL,'2',NULL),
	(117,118,'Ridho Nurcahyo Arba\'a Wiratno',NULL,NULL,NULL,NULL,NULL,NULL,NULL,NULL,'XI-T3-35',NULL,NULL,NULL,'1',NULL),
	(118,119,'Ronny Hadi Pangestu',NULL,NULL,NULL,NULL,NULL,NULL,NULL,NULL,'XI-T3-36',NULL,NULL,NULL,'1',NULL),
	(119,120,'SAIVIRA SALZABILA YUWONO',NULL,NULL,NULL,NULL,NULL,NULL,NULL,NULL,'XI-T3-37',NULL,NULL,NULL,'2',NULL),
	(120,121,'SESILLIA FAJAR KRISTYANTI',NULL,NULL,NULL,NULL,NULL,NULL,NULL,NULL,'XI-T3-38',NULL,NULL,NULL,'2',NULL),
	(121,122,'SHAFIRA AMALIA RIZQY',NULL,NULL,NULL,NULL,NULL,NULL,NULL,NULL,'XI-T3-39',NULL,NULL,NULL,'2',NULL),
	(122,123,'Tithan Pratama Putra',NULL,NULL,NULL,NULL,NULL,NULL,NULL,NULL,'XI-T3-40',NULL,NULL,NULL,'1',NULL),
	(123,124,'Yazid Alfirero Pramono',NULL,NULL,NULL,NULL,NULL,NULL,NULL,NULL,'XI-T3-41',NULL,NULL,NULL,'1',NULL),
	(124,125,'ADELLA AYU PARAMITHA',NULL,NULL,NULL,NULL,NULL,NULL,NULL,NULL,'XI-T4-01',NULL,NULL,NULL,'2',NULL),
	(125,126,'Adrian Yoga Pratama',NULL,NULL,NULL,NULL,NULL,NULL,NULL,NULL,'XI-T4-02',NULL,NULL,NULL,'1',NULL),
	(126,127,'Alif Rediansyah',NULL,NULL,NULL,NULL,NULL,NULL,NULL,NULL,'XI-T4-03',NULL,NULL,NULL,'1',NULL),
	(127,128,'ALYA SEKAR AYU',NULL,NULL,NULL,NULL,NULL,NULL,NULL,NULL,'XI-T4-04',NULL,NULL,NULL,'2',NULL),
	(128,129,'ANANDA VIKA NATHANIA',NULL,NULL,NULL,NULL,NULL,NULL,NULL,NULL,'XI-T4-05',NULL,NULL,NULL,'2',NULL),
	(129,130,'Andre Vincent Soberano',NULL,NULL,NULL,NULL,NULL,NULL,NULL,NULL,'XI-T4-06',NULL,NULL,NULL,'1',NULL),
	(130,131,'Angga Agustian Pambudi',NULL,NULL,NULL,NULL,NULL,NULL,NULL,NULL,'XI-T4-07',NULL,NULL,NULL,'1',NULL),
	(131,132,'ARDAMEVIA RIZKY ICHA ROMADHONI',NULL,NULL,NULL,NULL,NULL,NULL,NULL,NULL,'XI-T4-08',NULL,NULL,NULL,'2',NULL),
	(132,133,'AUDHIRA PUTRI PURNOMO',NULL,NULL,NULL,NULL,NULL,NULL,NULL,NULL,'XI-T4-09',NULL,NULL,NULL,'2',NULL),
	(133,134,'Bagas Agung Nur Nugroho',NULL,NULL,NULL,NULL,NULL,NULL,NULL,NULL,'XI-T4-10',NULL,NULL,NULL,'1',NULL),
	(134,135,'Cahyo Aji Triandhika',NULL,NULL,NULL,NULL,NULL,NULL,NULL,NULL,'XI-T4-11',NULL,NULL,NULL,'1',NULL),
	(135,136,'CITRA FITRIA WIBISONO',NULL,NULL,NULL,NULL,NULL,NULL,NULL,NULL,'XI-T4-12',NULL,NULL,NULL,'2',NULL),
	(136,137,'DHAMA REINANDYA HAPSARI',NULL,NULL,NULL,NULL,NULL,NULL,NULL,NULL,'XI-T4-13',NULL,NULL,NULL,'2',NULL),
	(137,138,'Endang Arif Febriyanto',NULL,NULL,NULL,NULL,NULL,NULL,NULL,NULL,'XI-T4-14',NULL,NULL,NULL,'1',NULL),
	(138,139,'Erick Pawuh',NULL,NULL,NULL,NULL,NULL,NULL,NULL,NULL,'XI-T4-15',NULL,NULL,NULL,'1',NULL),
	(139,140,'EVY WIDYA MERDITA',NULL,NULL,NULL,NULL,NULL,NULL,NULL,NULL,'XI-T4-16',NULL,NULL,NULL,'2',NULL),
	(140,141,'Faisal Alfareza',NULL,NULL,NULL,NULL,NULL,NULL,NULL,NULL,'XI-T4-17',NULL,NULL,NULL,'1',NULL),
	(141,142,'FARRAH ALSHAVIRA',NULL,NULL,NULL,NULL,NULL,NULL,NULL,NULL,'XI-T4-18',NULL,NULL,NULL,'2',NULL),
	(142,143,'Galuh Septi Devinci',NULL,NULL,NULL,NULL,NULL,NULL,NULL,NULL,'XI-T4-19',NULL,NULL,NULL,'1',NULL),
	(143,144,'Hanif Adam Zakaria',NULL,NULL,NULL,NULL,NULL,NULL,NULL,NULL,'XI-T4-20',NULL,NULL,NULL,'1',NULL),
	(144,145,'ISNYN MEILA RAKHMY',NULL,NULL,NULL,NULL,NULL,NULL,NULL,NULL,'XI-T4-21',NULL,NULL,NULL,'2',NULL),
	(145,146,'Juniar Harlianto Dwi Putra',NULL,NULL,NULL,NULL,NULL,NULL,NULL,NULL,'XI-T4-22',NULL,NULL,NULL,'1',NULL),
	(146,147,'KIKY FIRADELLA NELLY NOVITANANDA AGUS PUTRI',NULL,NULL,NULL,NULL,NULL,NULL,NULL,NULL,'XI-T4-23',NULL,NULL,NULL,'2',NULL),
	(147,148,'Kurnia Mahardika',NULL,NULL,NULL,NULL,NULL,NULL,NULL,NULL,'XI-T4-24',NULL,NULL,NULL,'1',NULL),
	(148,149,'Lazuardy Syahrul Darfiansa',NULL,NULL,NULL,NULL,NULL,NULL,NULL,NULL,'XI-T4-25',NULL,NULL,NULL,'1',NULL),
	(149,150,'M. Ilham Fadilah Akbar',NULL,NULL,NULL,NULL,NULL,NULL,NULL,NULL,'XI-T4-26',NULL,NULL,NULL,'1',NULL),
	(150,151,'M. Syahrul Ngadim',NULL,NULL,NULL,NULL,NULL,NULL,NULL,NULL,'XI-T4-27',NULL,NULL,NULL,'1',NULL),
	(151,152,'Mahardika Ridho Triantara',NULL,NULL,NULL,NULL,NULL,NULL,NULL,NULL,'XI-T4-28',NULL,NULL,NULL,'1',NULL),
	(152,153,'MALIDA YULIA MADYASARI',NULL,NULL,NULL,NULL,NULL,NULL,NULL,NULL,'XI-T4-29',NULL,NULL,NULL,'2',NULL),
	(153,154,'MARETA DWI CHRISTIAN NUGRAHANY',NULL,NULL,NULL,NULL,NULL,NULL,NULL,NULL,'XI-T4-30',NULL,NULL,NULL,'2',NULL),
	(154,155,'Moch. Ayubi Indrakusuma Putra',NULL,NULL,NULL,NULL,NULL,NULL,NULL,NULL,'XI-T4-31',NULL,NULL,NULL,'1',NULL),
	(155,156,'Muhammad Ainul Yakin',NULL,NULL,NULL,NULL,NULL,NULL,NULL,NULL,'XI-T4-32',NULL,NULL,NULL,'1',NULL),
	(156,157,'NASTITI YESIASTUTI',NULL,NULL,NULL,NULL,NULL,NULL,NULL,NULL,'XI-T4-33',NULL,NULL,NULL,'2',NULL),
	(157,158,'PUTRI WIENEKE BAGYANINGTYAS',NULL,NULL,NULL,NULL,NULL,NULL,NULL,NULL,'XI-T4-34',NULL,NULL,NULL,'2',NULL),
	(158,159,'Ramadhan Rizki Setyadi',NULL,NULL,NULL,NULL,NULL,NULL,NULL,NULL,'XI-T4-35',NULL,NULL,NULL,'1',NULL),
	(159,160,'Reynal Senatama Nugraha',NULL,NULL,NULL,NULL,NULL,NULL,NULL,NULL,'XI-T4-36',NULL,NULL,NULL,'1',NULL),
	(160,161,'SALMA DHIA ULHAQ',NULL,NULL,NULL,NULL,NULL,NULL,NULL,NULL,'XI-T4-37',NULL,NULL,NULL,'2',NULL),
	(161,162,'TANTRI OKTI PRAWIKANDI',NULL,NULL,NULL,NULL,NULL,NULL,NULL,NULL,'XI-T4-38',NULL,NULL,NULL,'2',NULL),
	(162,163,'Toni Agung Wicaksono',NULL,NULL,NULL,NULL,NULL,NULL,NULL,NULL,'XI-T4-39',NULL,NULL,NULL,'1',NULL),
	(163,164,'Ulhan Maulana Saputra',NULL,NULL,NULL,NULL,NULL,NULL,NULL,NULL,'XI-T4-40',NULL,NULL,NULL,'1',NULL),
	(164,165,'AISYAH FARDILA',NULL,NULL,NULL,NULL,NULL,NULL,NULL,NULL,'XI-R1-01',NULL,NULL,NULL,'2',NULL),
	(165,166,'Alde Sena Asprilla',NULL,NULL,NULL,NULL,NULL,NULL,NULL,NULL,'XI-R1-02',NULL,NULL,NULL,'1',NULL),
	(166,167,'Alif Muhajir',NULL,NULL,NULL,NULL,NULL,NULL,NULL,NULL,'XI-R1-03',NULL,NULL,NULL,'1',NULL),
	(167,168,'Almufadhdhal Abdulloh',NULL,NULL,NULL,NULL,NULL,NULL,NULL,NULL,'XI-R1-04',NULL,NULL,NULL,'1',NULL),
	(168,169,'ANASTASYA FARAH PUTRI',NULL,NULL,NULL,NULL,NULL,NULL,NULL,NULL,'XI-R1-05',NULL,NULL,NULL,'2',NULL),
	(169,170,'ANGGUN NURANI',NULL,NULL,NULL,NULL,NULL,NULL,NULL,NULL,'XI-R1-06',NULL,NULL,NULL,'2',NULL),
	(170,171,'ANISA\' SHIHHATIN SHOLIHAH',NULL,NULL,NULL,NULL,NULL,NULL,NULL,NULL,'XI-R1-07',NULL,NULL,NULL,'2',NULL),
	(171,172,'AUDRIA HAFSHAH SALSABILA',NULL,NULL,NULL,NULL,NULL,NULL,NULL,NULL,'XI-R1-08',NULL,NULL,NULL,'2',NULL),
	(172,173,'Bagas Pratama Bhamakerti',NULL,NULL,NULL,NULL,NULL,NULL,NULL,NULL,'XI-R1-09',NULL,NULL,NULL,'1',NULL),
	(173,174,'Bimo Syahputro',NULL,NULL,NULL,NULL,NULL,NULL,NULL,NULL,'XI-R1-10',NULL,NULL,NULL,'1',NULL),
	(174,175,'DITA BAITU RAHMAWATI',NULL,NULL,NULL,NULL,NULL,NULL,NULL,NULL,'XI-R1-11',NULL,NULL,NULL,'2',NULL),
	(175,176,'Fais Irwansah',NULL,NULL,NULL,NULL,NULL,NULL,NULL,NULL,'XI-R1-12',NULL,NULL,NULL,'1',NULL),
	(176,177,'FAIZAH PRATIWI',NULL,NULL,NULL,NULL,NULL,NULL,NULL,NULL,'XI-R1-13',NULL,NULL,NULL,'2',NULL),
	(177,178,'Fandhi Achmad',NULL,NULL,NULL,NULL,NULL,NULL,NULL,NULL,'XI-R1-14',NULL,NULL,NULL,'1',NULL),
	(178,179,'FEBY KURNIA ZAKIA',NULL,NULL,NULL,NULL,NULL,NULL,NULL,NULL,'XI-R1-15',NULL,NULL,NULL,'2',NULL),
	(179,180,'FERINA BAYU SUKMADEWI',NULL,NULL,NULL,NULL,NULL,NULL,NULL,NULL,'XI-R1-16',NULL,NULL,NULL,'2',NULL),
	(180,181,'Fiki Kurnia Robby',NULL,NULL,NULL,NULL,NULL,NULL,NULL,NULL,'XI-R1-17',NULL,NULL,NULL,'1',NULL),
	(181,182,'FINKA FATIHAHSARI',NULL,NULL,NULL,NULL,NULL,NULL,NULL,NULL,'XI-R1-18',NULL,NULL,NULL,'2',NULL),
	(182,183,'FIRDHA MAHARANI',NULL,NULL,NULL,NULL,NULL,NULL,NULL,NULL,'XI-R1-19',NULL,NULL,NULL,'2',NULL),
	(183,184,'FITRI LAILLI YUSMAWATI',NULL,NULL,NULL,NULL,NULL,NULL,NULL,NULL,'XI-R1-20',NULL,NULL,NULL,'2',NULL),
	(184,185,'GEA AYU WULANDARI',NULL,NULL,NULL,NULL,NULL,NULL,NULL,NULL,'XI-R1-21',NULL,NULL,NULL,'2',NULL),
	(185,186,'Hardin Zuhdi Santoso',NULL,NULL,NULL,NULL,NULL,NULL,NULL,NULL,'XI-R1-22',NULL,NULL,NULL,'1',NULL),
	(186,187,'Himawan Fajar Izzudin',NULL,NULL,NULL,NULL,NULL,NULL,NULL,NULL,'XI-R1-23',NULL,NULL,NULL,'1',NULL),
	(187,188,'IMMANUELA CHRISTIANTARI PERDANA',NULL,NULL,NULL,NULL,NULL,NULL,NULL,NULL,'XI-R1-24',NULL,NULL,NULL,'2',NULL),
	(188,189,'Januar Salman Al-Kindi',NULL,NULL,NULL,NULL,NULL,NULL,NULL,NULL,'XI-R1-25',NULL,NULL,NULL,'1',NULL),
	(189,190,'JIHAN ARIFIA RAMADHANTI',NULL,NULL,NULL,NULL,NULL,NULL,NULL,NULL,'XI-R1-26',NULL,NULL,NULL,'2',NULL),
	(190,191,'KARINA EKA NADYA LINDISARI',NULL,NULL,NULL,NULL,NULL,NULL,NULL,NULL,'XI-R1-27',NULL,NULL,NULL,'2',NULL),
	(191,192,'M. Priambudi Hidayatullah',NULL,NULL,NULL,NULL,NULL,NULL,NULL,NULL,'XI-R1-28',NULL,NULL,NULL,'1',NULL),
	(192,193,'Mohammad Faizal Dwi Saputra',NULL,NULL,NULL,NULL,NULL,NULL,NULL,NULL,'XI-R1-29',NULL,NULL,NULL,'1',NULL),
	(193,194,'Muhammad Dzaki Dhiya\' Ulhaq',NULL,NULL,NULL,NULL,NULL,NULL,NULL,NULL,'XI-R1-30',NULL,NULL,NULL,'1',NULL),
	(194,195,'Muhammad Faisal Zafry',NULL,NULL,NULL,NULL,NULL,NULL,NULL,NULL,'XI-R1-31',NULL,NULL,NULL,'1',NULL),
	(195,196,'Muhammad Nurcholis Suryasyah',NULL,NULL,NULL,NULL,NULL,NULL,NULL,NULL,'XI-R1-32',NULL,NULL,NULL,'1',NULL),
	(196,197,'Muhammad Shiddiq Fathoni',NULL,NULL,NULL,NULL,NULL,NULL,NULL,NULL,'XI-R1-33',NULL,NULL,NULL,'1',NULL),
	(197,198,'NABILA RIFDA RISTYAWAN',NULL,NULL,NULL,NULL,NULL,NULL,NULL,NULL,'XI-R1-34',NULL,NULL,NULL,'2',NULL),
	(198,199,'Rifqi Naufal Wigusti',NULL,NULL,NULL,NULL,NULL,NULL,NULL,NULL,'XI-R1-35',NULL,NULL,NULL,'1',NULL),
	(199,200,'Rio Suga Catra Pratama',NULL,NULL,NULL,NULL,NULL,NULL,NULL,NULL,'XI-R1-36',NULL,NULL,NULL,'1',NULL),
	(200,201,'SABDO WIDIASTUTI',NULL,NULL,NULL,NULL,NULL,NULL,NULL,NULL,'XI-R1-37',NULL,NULL,NULL,'2',NULL),
	(201,202,'Shaquille Akbar Demsi',NULL,NULL,NULL,NULL,NULL,NULL,NULL,NULL,'XI-R1-38',NULL,NULL,NULL,'1',NULL),
	(202,203,'TATA ZHAHIRAH NURAHMA ARDINI',NULL,NULL,NULL,NULL,NULL,NULL,NULL,NULL,'XI-R1-39',NULL,NULL,NULL,'2',NULL),
	(203,204,'VIDIA ASTRINI',NULL,NULL,NULL,NULL,NULL,NULL,NULL,NULL,'XI-R1-40',NULL,NULL,NULL,'2',NULL),
	(204,205,'Yosta Yusrizal Yusriansyah',NULL,NULL,NULL,NULL,NULL,NULL,NULL,NULL,'XI-R1-41',NULL,NULL,NULL,'1',NULL),
	(205,206,'YULIA SETYA RAHMAWATI',NULL,NULL,NULL,NULL,NULL,NULL,NULL,NULL,'XI-R1-42',NULL,NULL,NULL,'2',NULL),
	(206,207,'Aditya Wahyu Wirawan',NULL,NULL,NULL,NULL,NULL,NULL,NULL,NULL,'XI-R2-01',NULL,NULL,NULL,'1',NULL),
	(207,208,'Ahmad Fanani',NULL,NULL,NULL,NULL,NULL,NULL,NULL,NULL,'XI-R2-02',NULL,NULL,NULL,'1',NULL),
	(208,209,'ALDILLA PUTRI',NULL,NULL,NULL,NULL,NULL,NULL,NULL,NULL,'XI-R2-03',NULL,NULL,NULL,'2',NULL),
	(209,210,'ALFIA RIZKI RAMADHANI',NULL,NULL,NULL,NULL,NULL,NULL,NULL,NULL,'XI-R2-04',NULL,NULL,NULL,'2',NULL),
	(210,211,'AMALIA INTAN PUTRI SUSENO',NULL,NULL,NULL,NULL,NULL,NULL,NULL,NULL,'XI-R2-05',NULL,NULL,NULL,'2',NULL),
	(211,212,'Bamas Angkasa',NULL,NULL,NULL,NULL,NULL,NULL,NULL,NULL,'XI-R2-06',NULL,NULL,NULL,'1',NULL),
	(212,213,'BUNGA FEBRIA SHINTA DEWI',NULL,NULL,NULL,NULL,NULL,NULL,NULL,NULL,'XI-R2-07',NULL,NULL,NULL,'2',NULL),
	(213,214,'Cevin Ways Al Cornelis',NULL,NULL,NULL,NULL,NULL,NULL,NULL,NULL,'XI-R2-08',NULL,NULL,NULL,'1',NULL),
	(214,215,'DIAH HEVYKA MAYLAWATI',NULL,NULL,NULL,NULL,NULL,NULL,NULL,NULL,'XI-R2-09',NULL,NULL,NULL,'2',NULL),
	(215,216,'DIANA AKMALIAH',NULL,NULL,NULL,NULL,NULL,NULL,NULL,NULL,'XI-R2-10',NULL,NULL,NULL,'2',NULL),
	(216,217,'DWI RATNA SARI',NULL,NULL,NULL,NULL,NULL,NULL,NULL,NULL,'XI-R2-11',NULL,NULL,NULL,'2',NULL),
	(217,218,'Dwi Riyan Tono',NULL,NULL,NULL,NULL,NULL,NULL,NULL,NULL,'XI-R2-12',NULL,NULL,NULL,'1',NULL),
	(218,219,'ELMI PINASTIKA',NULL,NULL,NULL,NULL,NULL,NULL,NULL,NULL,'XI-R2-13',NULL,NULL,NULL,'2',NULL),
	(219,220,'ERINA PUSPA MULYANDARI',NULL,NULL,NULL,NULL,NULL,NULL,NULL,NULL,'XI-R2-14',NULL,NULL,NULL,'2',NULL),
	(220,221,'FANY PUTRI NOVITASARI',NULL,NULL,NULL,NULL,NULL,NULL,NULL,NULL,'XI-R2-15',NULL,NULL,NULL,'2',NULL),
	(221,222,'FARINDA RAMADHANI SHOLIHA',NULL,NULL,NULL,NULL,NULL,NULL,NULL,NULL,'XI-R2-16',NULL,NULL,NULL,'2',NULL),
	(222,223,'FENA RIZKI ASFRILA',NULL,NULL,NULL,NULL,NULL,NULL,NULL,NULL,'XI-R2-17',NULL,NULL,NULL,'2',NULL),
	(223,224,'FIRDA WAHYU WAHIDA',NULL,NULL,NULL,NULL,NULL,NULL,NULL,NULL,'XI-R2-18',NULL,NULL,NULL,'2',NULL),
	(224,225,'FRANCISKA DEANDRA ESTERLINA KARUNDENG',NULL,NULL,NULL,NULL,NULL,NULL,NULL,NULL,'XI-R2-19',NULL,NULL,NULL,'2',NULL),
	(225,226,'Galang Satria Wibawa',NULL,NULL,NULL,NULL,NULL,NULL,NULL,NULL,'XI-R2-20',NULL,NULL,NULL,'1',NULL),
	(226,227,'Indra Putra Hansen Malaysandy',NULL,NULL,NULL,NULL,NULL,NULL,NULL,NULL,'XI-R2-21',NULL,NULL,NULL,'1',NULL),
	(227,228,'KHUSNUL KHOTIMAH INDAH SANJAYA',NULL,NULL,NULL,NULL,NULL,NULL,NULL,NULL,'XI-R2-22',NULL,NULL,NULL,'2',NULL),
	(228,229,'Luhur Adi Prasetya',NULL,NULL,NULL,NULL,NULL,NULL,NULL,NULL,'XI-R2-23',NULL,NULL,NULL,'1',NULL),
	(229,230,'M. Asrof Bayhaqqi',NULL,NULL,NULL,NULL,NULL,NULL,NULL,NULL,'XI-R2-24',NULL,NULL,NULL,'1',NULL),
	(230,231,'Moch. Arif Setyawan H',NULL,NULL,NULL,NULL,NULL,NULL,NULL,NULL,'XI-R2-25',NULL,NULL,NULL,'1',NULL),
	(231,232,'Mochamad Bisma Zakaria El Feris',NULL,NULL,NULL,NULL,NULL,NULL,NULL,NULL,'XI-R2-26',NULL,NULL,NULL,'1',NULL),
	(232,233,'Mochamad Faizal Pratama',NULL,NULL,NULL,NULL,NULL,NULL,NULL,NULL,'XI-R2-27',NULL,NULL,NULL,'1',NULL),
	(233,234,'Mohammad Ghiffari Rahman',NULL,NULL,NULL,NULL,NULL,NULL,NULL,NULL,'XI-R2-28',NULL,NULL,NULL,'1',NULL),
	(234,235,'Muhammad Alvin Fadhil',NULL,NULL,NULL,NULL,NULL,NULL,NULL,NULL,'XI-R2-29',NULL,NULL,NULL,'1',NULL),
	(235,236,'Muhammad Faisal Nur',NULL,NULL,NULL,NULL,NULL,NULL,NULL,NULL,'XI-R2-30',NULL,NULL,NULL,'1',NULL),
	(236,237,'Muhammad Taufiiqul Hakiim',NULL,NULL,NULL,NULL,NULL,NULL,NULL,NULL,'XI-R2-31',NULL,NULL,NULL,'1',NULL),
	(237,238,'NADILA WIRDATUL HIDAYAH',NULL,NULL,NULL,NULL,NULL,NULL,NULL,NULL,'XI-R2-32',NULL,NULL,NULL,'2',NULL),
	(238,239,'Rachmad Agung Bagaskoro',NULL,NULL,NULL,NULL,NULL,NULL,NULL,NULL,'XI-R2-33',NULL,NULL,NULL,'1',NULL),
	(239,240,'Rahmat Sayfuddin',NULL,NULL,NULL,NULL,NULL,NULL,NULL,NULL,'XI-R2-34',NULL,NULL,NULL,'1',NULL),
	(240,241,'RISALAHTUL CHAMIATI MISBAH',NULL,NULL,NULL,NULL,NULL,NULL,NULL,NULL,'XI-R2-35',NULL,NULL,NULL,'2',NULL),
	(241,242,'Rizqi Zainur Ridho',NULL,NULL,NULL,NULL,NULL,NULL,NULL,NULL,'XI-R2-36',NULL,NULL,NULL,'1',NULL),
	(242,243,'SHIENA APRISILIA VANDALINA ASTUTI',NULL,NULL,NULL,NULL,NULL,NULL,NULL,NULL,'XI-R2-37',NULL,NULL,NULL,'2',NULL),
	(243,244,'TITIN VELA YUDHA SARI',NULL,NULL,NULL,NULL,NULL,NULL,NULL,NULL,'XI-R2-38',NULL,NULL,NULL,'2',NULL),
	(244,245,'VENTARIA JUNIAWANTI',NULL,NULL,NULL,NULL,NULL,NULL,NULL,NULL,'XI-R2-39',NULL,NULL,NULL,'2',NULL),
	(245,246,'WINDA EKA FITRIANI',NULL,NULL,NULL,NULL,NULL,NULL,NULL,NULL,'XI-R2-40',NULL,NULL,NULL,'2',NULL),
	(246,247,'Wysmo Agung Utomo',NULL,NULL,NULL,NULL,NULL,NULL,NULL,NULL,'XI-R2-41',NULL,NULL,NULL,'1',NULL),
	(247,248,'Yogatama Egiantoro',NULL,NULL,NULL,NULL,NULL,NULL,NULL,NULL,'XI-R2-42',NULL,NULL,NULL,'1',NULL),
	(248,249,'MAGHDALENA HASSMIEN',NULL,NULL,NULL,NULL,NULL,NULL,NULL,NULL,'XI-R3-22',NULL,NULL,NULL,'2',NULL),
	(249,250,'Ahmad Al Banna',NULL,NULL,NULL,NULL,NULL,NULL,NULL,NULL,'XI-R3-01',NULL,NULL,NULL,'1',NULL),
	(250,251,'Ahmad Mujadid',NULL,NULL,NULL,NULL,NULL,NULL,NULL,NULL,'XI-R3-02',NULL,NULL,NULL,'1',NULL),
	(251,252,'Alif Muhammad Jati Mustiko',NULL,NULL,NULL,NULL,NULL,NULL,NULL,NULL,'XI-R3-03',NULL,NULL,NULL,'1',NULL),
	(252,253,'ALVIRA REIZA MAHARDI',NULL,NULL,NULL,NULL,NULL,NULL,NULL,NULL,'XI-R3-04',NULL,NULL,NULL,'2',NULL),
	(253,254,'ALYA IFTA IFKARULAILY',NULL,NULL,NULL,NULL,NULL,NULL,NULL,NULL,'XI-R3-05',NULL,NULL,NULL,'2',NULL),
	(254,255,'AMALIA WIRDATUL HIDAYAH',NULL,NULL,NULL,NULL,NULL,NULL,NULL,NULL,'XI-R3-06',NULL,NULL,NULL,'2',NULL),
	(255,256,'AMANDA FEBRIANTI',NULL,NULL,NULL,NULL,NULL,NULL,NULL,NULL,'XI-R3-07',NULL,NULL,NULL,'2',NULL),
	(256,257,'AMELINDA REGITA NURFELITA ROSYADA',NULL,NULL,NULL,NULL,NULL,NULL,NULL,NULL,'XI-R3-08',NULL,NULL,NULL,'2',NULL),
	(257,258,'Andrian Hamdan Widiyanto',NULL,NULL,NULL,NULL,NULL,NULL,NULL,NULL,'XI-R3-09',NULL,NULL,NULL,'1',NULL),
	(258,259,'ANISA RAHMAWATI',NULL,NULL,NULL,NULL,NULL,NULL,NULL,NULL,'XI-R3-10',NULL,NULL,NULL,'2',NULL),
	(259,260,'Ardi Rizaldi Yundika',NULL,NULL,NULL,NULL,NULL,NULL,NULL,NULL,'XI-R3-11',NULL,NULL,NULL,'1',NULL),
	(260,261,'Arga Rizki Setiyanto',NULL,NULL,NULL,NULL,NULL,NULL,NULL,NULL,'XI-R3-12',NULL,NULL,NULL,'1',NULL),
	(261,262,'Bagaskara Fabyan Achmad',NULL,NULL,NULL,NULL,NULL,NULL,NULL,NULL,'XI-R3-13',NULL,NULL,NULL,'1',NULL),
	(262,263,'Bimo Vallentino Achmad',NULL,NULL,NULL,NULL,NULL,NULL,NULL,NULL,'XI-R3-14',NULL,NULL,NULL,'1',NULL),
	(263,264,'Christselvon Welda Feventenia',NULL,NULL,NULL,NULL,NULL,NULL,NULL,NULL,'XI-R3-15',NULL,NULL,NULL,'1',NULL),
	(264,265,'DEINA AMANDA AMIVISCA',NULL,NULL,NULL,NULL,NULL,NULL,NULL,NULL,'XI-R3-16',NULL,NULL,NULL,'2',NULL),
	(265,266,'Fahmi Akmal Hakiki Aulia Aziz',NULL,NULL,NULL,NULL,NULL,NULL,NULL,NULL,'XI-R3-17',NULL,NULL,NULL,'1',NULL),
	(266,267,'Fanny Agustiawan Raharjo',NULL,NULL,NULL,NULL,NULL,NULL,NULL,NULL,'XI-R3-18',NULL,NULL,NULL,'1',NULL),
	(267,268,'FARA NAUROH ARIJ',NULL,NULL,NULL,NULL,NULL,NULL,NULL,NULL,'XI-R3-19',NULL,NULL,NULL,'2',NULL),
	(268,269,'Gustaf Pratama Choiry Maulana',NULL,NULL,NULL,NULL,NULL,NULL,NULL,NULL,'XI-R3-20',NULL,NULL,NULL,'1',NULL),
	(269,270,'KRISMA SOFIA PURINTINA',NULL,NULL,NULL,NULL,NULL,NULL,NULL,NULL,'XI-R3-21',NULL,NULL,NULL,'2',NULL),
	(270,271,'MEIGA RAHMANIA',NULL,NULL,NULL,NULL,NULL,NULL,NULL,NULL,'XI-R3-23',NULL,NULL,NULL,'2',NULL),
	(271,272,'Moh. Kholid Abrori',NULL,NULL,NULL,NULL,NULL,NULL,NULL,NULL,'XI-R3-24',NULL,NULL,NULL,'1',NULL),
	(272,273,'Muh Rheza Renardi Hidayat',NULL,NULL,NULL,NULL,NULL,NULL,NULL,NULL,'XI-R3-25',NULL,NULL,NULL,'1',NULL),
	(273,274,'Muhammad Aditya Devara Naufal',NULL,NULL,NULL,NULL,NULL,NULL,NULL,NULL,'XI-R3-26',NULL,NULL,NULL,'1',NULL),
	(274,275,'NABILA FAIZA KRISNAYANTI',NULL,NULL,NULL,NULL,NULL,NULL,NULL,NULL,'XI-R3-27',NULL,NULL,NULL,'2',NULL),
	(275,276,'NOVLYAN PEGGY RACHA TINARA',NULL,NULL,NULL,NULL,NULL,NULL,NULL,NULL,'XI-R3-28',NULL,NULL,NULL,'2',NULL),
	(276,277,'RAEZA NABILA RAHMAWATI',NULL,NULL,NULL,NULL,NULL,NULL,NULL,NULL,'XI-R3-29',NULL,NULL,NULL,'2',NULL),
	(277,278,'Rahadhitya Samudra Anuraga',NULL,NULL,NULL,NULL,NULL,NULL,NULL,NULL,'XI-R3-30',NULL,NULL,NULL,'1',NULL),
	(278,279,'RATIH FEBRILIA TRI WULANDARI',NULL,NULL,NULL,NULL,NULL,NULL,NULL,NULL,'XI-R3-31',NULL,NULL,NULL,'2',NULL),
	(279,280,'Rexy Kurniawan Fazdinata',NULL,NULL,NULL,NULL,NULL,NULL,NULL,NULL,'XI-R3-32',NULL,NULL,NULL,'1',NULL),
	(280,281,'RINA ALFINATUS ZAHROK',NULL,NULL,NULL,NULL,NULL,NULL,NULL,NULL,'XI-R3-33',NULL,NULL,NULL,'2',NULL),
	(281,282,'Robbilta Ababil',NULL,NULL,NULL,NULL,NULL,NULL,NULL,NULL,'XI-R3-34',NULL,NULL,NULL,'1',NULL),
	(282,283,'Rustama Purbojati Mahendra',NULL,NULL,NULL,NULL,NULL,NULL,NULL,NULL,'XI-R3-35',NULL,NULL,NULL,'1',NULL),
	(283,284,'Saddam Husin Prayudha',NULL,NULL,NULL,NULL,NULL,NULL,NULL,NULL,'XI-R3-36',NULL,NULL,NULL,'1',NULL),
	(284,285,'SHINTA SURYA SYAWIRIL UMMAH',NULL,NULL,NULL,NULL,NULL,NULL,NULL,NULL,'XI-R3-37',NULL,NULL,NULL,'2',NULL),
	(285,286,'TANIA FIRDHA MARTABAYA',NULL,NULL,NULL,NULL,NULL,NULL,NULL,NULL,'XI-R3-38',NULL,NULL,NULL,'2',NULL),
	(286,287,'Teguh Ramadhan',NULL,NULL,NULL,NULL,NULL,NULL,NULL,NULL,'XI-R3-39',NULL,NULL,NULL,'1',NULL),
	(287,288,'VISCA ANGGRAINY',NULL,NULL,NULL,NULL,NULL,NULL,NULL,NULL,'XI-R3-40',NULL,NULL,NULL,'2',NULL),
	(288,289,'YASSINTA YULI RUSPITASARI',NULL,NULL,NULL,NULL,NULL,NULL,NULL,NULL,'XI-R3-41',NULL,NULL,NULL,'2',NULL),
	(289,290,'YOLA ROVIKAH CLARIDHEA NUR ANWARIKA',NULL,NULL,NULL,NULL,NULL,NULL,NULL,NULL,'XI-R3-42',NULL,NULL,NULL,'2',NULL),
	(290,291,'Almaratus Sholicha',NULL,NULL,NULL,NULL,NULL,NULL,NULL,NULL,'XI-R4-01',NULL,NULL,NULL,'2',NULL),
	(291,292,'ALMAS AMALIA AZHAR',NULL,NULL,NULL,NULL,NULL,NULL,NULL,NULL,'XI-R4-02',NULL,NULL,NULL,'2',NULL),
	(292,293,'Anky Aditya Pratama',NULL,NULL,NULL,NULL,NULL,NULL,NULL,NULL,'XI-R4-03',NULL,NULL,NULL,'1',NULL),
	(293,294,'ARDHYA REGITA PRAKHASIWI',NULL,NULL,NULL,NULL,NULL,NULL,NULL,NULL,'XI-R4-04',NULL,NULL,NULL,'2',NULL),
	(294,295,'AVELIA PUTRI ELKA PRAMANA',NULL,NULL,NULL,NULL,NULL,NULL,NULL,NULL,'XI-R4-05',NULL,NULL,NULL,'2',NULL),
	(295,296,'Bilal Mahardika',NULL,NULL,NULL,NULL,NULL,NULL,NULL,NULL,'XI-R4-06',NULL,NULL,NULL,'1',NULL),
	(296,297,'Bryan Aulya Achmad Istighfara',NULL,NULL,NULL,NULL,NULL,NULL,NULL,NULL,'XI-R4-07',NULL,NULL,NULL,'1',NULL),
	(297,298,'CITRA AYU VADILA',NULL,NULL,NULL,NULL,NULL,NULL,NULL,NULL,'XI-R4-08',NULL,NULL,NULL,'2',NULL),
	(298,299,'CLAUDIA PUTRI AGFANCYA',NULL,NULL,NULL,NULL,NULL,NULL,NULL,NULL,'XI-R4-09',NULL,NULL,NULL,'2',NULL),
	(299,300,'Danar Arga Syailendra',NULL,NULL,NULL,NULL,NULL,NULL,NULL,NULL,'XI-R4-10',NULL,NULL,NULL,'1',NULL),
	(300,301,'Dandy Firmansyah',NULL,NULL,NULL,NULL,NULL,NULL,NULL,NULL,'XI-R4-11',NULL,NULL,NULL,'1',NULL),
	(301,302,'Dani Kristian Wardhana',NULL,NULL,NULL,NULL,NULL,NULL,NULL,NULL,'XI-R4-12',NULL,NULL,NULL,'1',NULL),
	(302,303,'Desta Dara Narnendra',NULL,NULL,NULL,NULL,NULL,NULL,NULL,NULL,'XI-R4-13',NULL,NULL,NULL,'1',NULL),
	(303,304,'DEWI QURROTA A\'YUN',NULL,NULL,NULL,NULL,NULL,NULL,NULL,NULL,'XI-R4-14',NULL,NULL,NULL,'2',NULL),
	(304,305,'DINA YUSRINA SALSABILA',NULL,NULL,NULL,NULL,NULL,NULL,NULL,NULL,'XI-R4-15',NULL,NULL,NULL,'2',NULL),
	(305,306,'ENGGARBELA OGI INTAN PRATIWI',NULL,NULL,NULL,NULL,NULL,NULL,NULL,NULL,'XI-R4-16',NULL,NULL,NULL,'2',NULL),
	(306,307,'ERRINA SOUFI WIDIASARI',NULL,NULL,NULL,NULL,NULL,NULL,NULL,NULL,'XI-R4-17',NULL,NULL,NULL,'2',NULL),
	(307,308,'ESA ARIYANTI PURWITO',NULL,NULL,NULL,NULL,NULL,NULL,NULL,NULL,'XI-R4-18',NULL,NULL,NULL,'2',NULL),
	(308,309,'Fadlilah Achmad Falevi',NULL,NULL,NULL,NULL,NULL,NULL,NULL,NULL,'XI-R4-19',NULL,NULL,NULL,'1',NULL),
	(309,310,'Fajar Frimadana',NULL,NULL,NULL,NULL,NULL,NULL,NULL,NULL,'XI-R4-20',NULL,NULL,NULL,'1',NULL),
	(310,311,'Febyola Aldo Brilyansyah',NULL,NULL,NULL,NULL,NULL,NULL,NULL,NULL,'XI-R4-21',NULL,NULL,NULL,'1',NULL),
	(311,312,'GALUH KENANDANI',NULL,NULL,NULL,NULL,NULL,NULL,NULL,NULL,'XI-R4-22',NULL,NULL,NULL,'2',NULL),
	(312,313,'Grandhys Setyo Utomo',NULL,NULL,NULL,NULL,NULL,NULL,NULL,NULL,'XI-R4-23',NULL,NULL,NULL,'1',NULL),
	(313,314,'INDRIANI PUJI RAHAYU',NULL,NULL,NULL,NULL,NULL,NULL,NULL,NULL,'XI-R4-24',NULL,NULL,NULL,'2',NULL),
	(314,315,'IRENE KUSUMA WARDANI',NULL,NULL,NULL,NULL,NULL,NULL,NULL,NULL,'XI-R4-25',NULL,NULL,NULL,'2',NULL),
	(315,316,'Jefi Wahyu Saputra',NULL,NULL,NULL,NULL,NULL,NULL,NULL,NULL,'XI-R4-26',NULL,NULL,NULL,'1',NULL),
	(316,317,'MAHARANI ANGGITA PUTRI',NULL,NULL,NULL,NULL,NULL,NULL,NULL,NULL,'XI-R4-27',NULL,NULL,NULL,'2',NULL),
	(317,318,'Milzam Ibnu Adhan Fathudoh',NULL,NULL,NULL,NULL,NULL,NULL,NULL,NULL,'XI-R4-28',NULL,NULL,NULL,'1',NULL),
	(318,319,'Mochammad Rizky Aditiyan',NULL,NULL,NULL,NULL,NULL,NULL,NULL,NULL,'XI-R4-29',NULL,NULL,NULL,'1',NULL),
	(319,320,'Muhammad Hafidz Ilham Priambudi',NULL,NULL,NULL,NULL,NULL,NULL,NULL,NULL,'XI-R4-30',NULL,NULL,NULL,'1',NULL),
	(320,321,'Muhammad Nashir Atmaja',NULL,NULL,NULL,NULL,NULL,NULL,NULL,NULL,'XI-R4-31',NULL,NULL,NULL,'1',NULL),
	(321,322,'Nanda Arief Bachtiar',NULL,NULL,NULL,NULL,NULL,NULL,NULL,NULL,'XI-R4-32',NULL,NULL,NULL,'1',NULL),
	(322,323,'NURVI BRIGITYANA',NULL,NULL,NULL,NULL,NULL,NULL,NULL,NULL,'XI-R4-33',NULL,NULL,NULL,'2',NULL),
	(323,324,'RAFIKA AULIA RAHMA SARI',NULL,NULL,NULL,NULL,NULL,NULL,NULL,NULL,'XI-R4-34',NULL,NULL,NULL,'2',NULL),
	(324,325,'Rigen Wildanu Hadadi',NULL,NULL,NULL,NULL,NULL,NULL,NULL,NULL,'XI-R4-35',NULL,NULL,NULL,'1',NULL),
	(325,326,'Robby Hemawan Pramudito',NULL,NULL,NULL,NULL,NULL,NULL,NULL,NULL,'XI-R4-36',NULL,NULL,NULL,'1',NULL),
	(326,327,'SHARON NATALIA',NULL,NULL,NULL,NULL,NULL,NULL,NULL,NULL,'XI-R4-37',NULL,NULL,NULL,'2',NULL),
	(327,328,'SHYNTA AYU DWI DARMAWAN',NULL,NULL,NULL,NULL,NULL,NULL,NULL,NULL,'XI-R4-38',NULL,NULL,NULL,'2',NULL),
	(328,329,'TIARA PITALOKA',NULL,NULL,NULL,NULL,NULL,NULL,NULL,NULL,'XI-R4-39',NULL,NULL,NULL,'2',NULL),
	(329,330,'Wahyu Zakaria',NULL,NULL,NULL,NULL,NULL,NULL,NULL,NULL,'XI-R4-40',NULL,NULL,NULL,'1',NULL),
	(330,331,'WIDYA TRISNA WARDHANI',NULL,NULL,NULL,NULL,NULL,NULL,NULL,NULL,'XI-R4-41',NULL,NULL,NULL,'2',NULL),
	(331,332,'Abdul Aziz Machmud',NULL,NULL,NULL,NULL,NULL,NULL,NULL,NULL,'XII-T1-01',NULL,NULL,NULL,'0',NULL),
	(332,333,'Achmad Nur Rozikin',NULL,NULL,NULL,NULL,NULL,NULL,NULL,NULL,'XII-T1-02',NULL,NULL,NULL,'0',NULL),
	(333,334,'Adi Prasetya',NULL,NULL,NULL,NULL,NULL,NULL,NULL,NULL,'XII-T1-03',NULL,NULL,NULL,'0',NULL),
	(334,335,'AFIFAH GILANG PERMATASARI',NULL,NULL,NULL,NULL,NULL,NULL,NULL,NULL,'XII-T1-04',NULL,NULL,NULL,'0',NULL),
	(335,336,'Ahmad Dicky Setiawan',NULL,NULL,NULL,NULL,NULL,NULL,NULL,NULL,'XII-T1-05',NULL,NULL,NULL,'0',NULL),
	(336,337,'AISYA WIRA SAVITRI',NULL,NULL,NULL,NULL,NULL,NULL,NULL,NULL,'XII-T1-06',NULL,NULL,NULL,'0',NULL),
	(337,338,'Akbar Alifian',NULL,NULL,NULL,NULL,NULL,NULL,NULL,NULL,'XII-T1-07',NULL,NULL,NULL,'0',NULL),
	(338,339,'Akbar Nur Muhammad',NULL,NULL,NULL,NULL,NULL,NULL,NULL,NULL,'XII-T1-08',NULL,NULL,NULL,'0',NULL),
	(339,340,'Akbar Syancha Perwira',NULL,NULL,NULL,NULL,NULL,NULL,NULL,NULL,'XII-T1-09',NULL,NULL,NULL,'0',NULL),
	(340,341,'Alfi Maulana Riskiyanto',NULL,NULL,NULL,NULL,NULL,NULL,NULL,NULL,'XII-T1-10',NULL,NULL,NULL,'0',NULL),
	(341,342,'Ali Setyawan',NULL,NULL,NULL,NULL,NULL,NULL,NULL,NULL,'XII-T1-11',NULL,NULL,NULL,'0',NULL),
	(342,343,'ALVIA ARINDHITA PURWANTININGTYAS',NULL,NULL,NULL,NULL,NULL,NULL,NULL,NULL,'XII-T1-12',NULL,NULL,NULL,'0',NULL),
	(343,344,'Amin Rodhi Alawy',NULL,NULL,NULL,NULL,NULL,NULL,NULL,NULL,'XII-T1-13',NULL,NULL,NULL,'0',NULL),
	(344,345,'Andika Dwi Chahya',NULL,NULL,NULL,NULL,NULL,NULL,NULL,NULL,'XII-T1-14',NULL,NULL,NULL,'0',NULL),
	(345,346,'Andre Firman Saputra',NULL,NULL,NULL,NULL,NULL,NULL,NULL,NULL,'XII-T1-15',NULL,NULL,NULL,'0',NULL),
	(346,347,'Andrea Egar Navida',NULL,NULL,NULL,NULL,NULL,NULL,NULL,NULL,'XII-T1-16',NULL,NULL,NULL,'0',NULL),
	(347,348,'Andriansyah Agung Ade Pratama',NULL,NULL,NULL,NULL,NULL,NULL,NULL,NULL,'XII-T1-17',NULL,NULL,NULL,'0',NULL),
	(348,349,'ANGGI YUNIAR PUTRI',NULL,NULL,NULL,NULL,NULL,NULL,NULL,NULL,'XII-T1-18',NULL,NULL,NULL,'0',NULL),
	(349,350,'ANISA SARAH CATHLEYA',NULL,NULL,NULL,NULL,NULL,NULL,NULL,NULL,'XII-T1-19',NULL,NULL,NULL,'0',NULL),
	(350,351,'ANNISA\' SULISTYOWATI',NULL,NULL,NULL,NULL,NULL,NULL,NULL,NULL,'XII-T1-20',NULL,NULL,NULL,'0',NULL),
	(351,352,'Anwar Azis Rosyidi',NULL,NULL,NULL,NULL,NULL,NULL,NULL,NULL,'XII-T1-21',NULL,NULL,NULL,'0',NULL),
	(352,353,'Arif Rahmad Adi',NULL,NULL,NULL,NULL,NULL,NULL,NULL,NULL,'XII-T1-22',NULL,NULL,NULL,'0',NULL),
	(353,354,'ARISKA INDAH HARDIYANTI',NULL,NULL,NULL,NULL,NULL,NULL,NULL,NULL,'XII-T1-23',NULL,NULL,NULL,'0',NULL),
	(354,355,'ARWA ULAYYA HASPRIYANTI',NULL,NULL,NULL,NULL,NULL,NULL,NULL,NULL,'XII-T1-24',NULL,NULL,NULL,'0',NULL),
	(355,356,'AULIA RIZKY ERLITA',NULL,NULL,NULL,NULL,NULL,NULL,NULL,NULL,'XII-T1-25',NULL,NULL,NULL,'0',NULL),
	(356,357,'AVEISA MELLYANA CHOIRUNNISA',NULL,NULL,NULL,NULL,NULL,NULL,NULL,NULL,'XII-T1-26',NULL,NULL,NULL,'0',NULL),
	(357,358,'Bagas Adi Prayitno',NULL,NULL,NULL,NULL,NULL,NULL,NULL,NULL,'XII-T1-27',NULL,NULL,NULL,'0',NULL),
	(358,359,'BELLA CHINTIA EKA MERITA',NULL,NULL,NULL,NULL,NULL,NULL,NULL,NULL,'XII-T1-28',NULL,NULL,NULL,'0',NULL),
	(359,360,'Beny Machmud Putra',NULL,NULL,NULL,NULL,NULL,NULL,NULL,NULL,'XII-T1-29',NULL,NULL,NULL,'0',NULL),
	(360,361,'Dakan',NULL,NULL,NULL,NULL,NULL,NULL,NULL,NULL,'XII-T1-30',NULL,NULL,NULL,'0',NULL),
	(361,362,'Dany Sofia Rachman',NULL,NULL,NULL,NULL,NULL,NULL,NULL,NULL,'XII-T1-31',NULL,NULL,NULL,'0',NULL),
	(362,363,'Delta Bintang Ramadhan',NULL,NULL,NULL,NULL,NULL,NULL,NULL,NULL,'XII-T1-32',NULL,NULL,NULL,'0',NULL),
	(363,364,'DESINTA TRI ASTUTI',NULL,NULL,NULL,NULL,NULL,NULL,NULL,NULL,'XII-T1-33',NULL,NULL,NULL,'0',NULL),
	(364,365,'DESYA LATHIIFA NOER MAGHFIRAH',NULL,NULL,NULL,NULL,NULL,NULL,NULL,NULL,'XII-T1-34',NULL,NULL,NULL,'0',NULL),
	(365,366,'DEVI AMBARWATI',NULL,NULL,NULL,NULL,NULL,NULL,NULL,NULL,'XII-T1-35',NULL,NULL,NULL,'0',NULL),
	(366,367,'DEVI ROSALINA',NULL,NULL,NULL,NULL,NULL,NULL,NULL,NULL,'XII-T1-36',NULL,NULL,NULL,'0',NULL),
	(367,368,'DIAH ROSHYTA SARI',NULL,NULL,NULL,NULL,NULL,NULL,NULL,NULL,'XII-T1-37',NULL,NULL,NULL,'0',NULL),
	(368,369,'DIANA DWI FEBRIAN RAMADHANI',NULL,NULL,NULL,NULL,NULL,NULL,NULL,NULL,'XII-T1-38',NULL,NULL,NULL,'0',NULL),
	(369,370,'DIANITA NURAZIZAH',NULL,NULL,NULL,NULL,NULL,NULL,NULL,NULL,'XII-T1-39',NULL,NULL,NULL,'0',NULL),
	(370,371,'Dika Nanda Kharisma',NULL,NULL,NULL,NULL,NULL,NULL,NULL,NULL,'XII-T1-40',NULL,NULL,NULL,'0',NULL),
	(371,372,'Dimas Aditya Nugraha',NULL,NULL,NULL,NULL,NULL,NULL,NULL,NULL,'XII-T2-01',NULL,NULL,NULL,'0',NULL),
	(372,373,'Dino Angga Ramadani',NULL,NULL,NULL,NULL,NULL,NULL,NULL,NULL,'XII-T2-02',NULL,NULL,NULL,'0',NULL),
	(373,374,'DYAH AYU ANINDHITA',NULL,NULL,NULL,NULL,NULL,NULL,NULL,NULL,'XII-T2-03',NULL,NULL,NULL,'0',NULL),
	(374,375,'Egantara Satria Utama',NULL,NULL,NULL,NULL,NULL,NULL,NULL,NULL,'XII-T2-04',NULL,NULL,NULL,'0',NULL),
	(375,376,'ELFARI TWERANU HEKSI',NULL,NULL,NULL,NULL,NULL,NULL,NULL,NULL,'XII-T2-05',NULL,NULL,NULL,'0',NULL),
	(376,377,'ELLYS DWI SETYOWATI',NULL,NULL,NULL,NULL,NULL,NULL,NULL,NULL,'XII-T2-06',NULL,NULL,NULL,'0',NULL),
	(377,378,'EMIL KRISTANTI SITORUS PANE',NULL,NULL,NULL,NULL,NULL,NULL,NULL,NULL,'XII-T2-07',NULL,NULL,NULL,'0',NULL),
	(378,379,'EXISTA HONEST',NULL,NULL,NULL,NULL,NULL,NULL,NULL,NULL,'XII-T2-08',NULL,NULL,NULL,'0',NULL),
	(379,380,'Fachrunizar Dafa Faadil',NULL,NULL,NULL,NULL,NULL,NULL,NULL,NULL,'XII-T2-09',NULL,NULL,NULL,'0',NULL),
	(380,381,'Fahmi Yudan Gumilar',NULL,NULL,NULL,NULL,NULL,NULL,NULL,NULL,'XII-T2-10',NULL,NULL,NULL,'0',NULL),
	(381,382,'FANDINI PURWANINGRUM',NULL,NULL,NULL,NULL,NULL,NULL,NULL,NULL,'XII-T2-11',NULL,NULL,NULL,'0',NULL),
	(382,383,'Farhan Azharuddin Asyraq',NULL,NULL,NULL,NULL,NULL,NULL,NULL,NULL,'XII-T2-12',NULL,NULL,NULL,'0',NULL),
	(383,384,'FARIDATUS ZUHRO',NULL,NULL,NULL,NULL,NULL,NULL,NULL,NULL,'XII-T2-13',NULL,NULL,NULL,'0',NULL),
	(384,385,'Febrian Putra Perdana',NULL,NULL,NULL,NULL,NULL,NULL,NULL,NULL,'XII-T2-14',NULL,NULL,NULL,'0',NULL),
	(385,386,'Febryan Satya Pratama Supriyanto Putra',NULL,NULL,NULL,NULL,NULL,NULL,NULL,NULL,'XII-T2-15',NULL,NULL,NULL,'0',NULL),
	(386,387,'FERNANDA RACHMADINI',NULL,NULL,NULL,NULL,NULL,NULL,NULL,NULL,'XII-T2-16',NULL,NULL,NULL,'0',NULL),
	(387,388,'Fian Ardiansyah',NULL,NULL,NULL,NULL,NULL,NULL,NULL,NULL,'XII-T2-17',NULL,NULL,NULL,'0',NULL),
	(388,389,'Fika Aji Nur Priant',NULL,NULL,NULL,NULL,NULL,NULL,NULL,NULL,'XII-T2-18',NULL,NULL,NULL,'0',NULL),
	(389,390,'FINA ISNAINI',NULL,NULL,NULL,NULL,NULL,NULL,NULL,NULL,'XII-T2-19',NULL,NULL,NULL,'0',NULL),
	(390,391,'FINITA FIRDA RAHMASARI',NULL,NULL,NULL,NULL,NULL,NULL,NULL,NULL,'XII-T2-20',NULL,NULL,NULL,'0',NULL),
	(391,392,'Firmansyah Islamianto',NULL,NULL,NULL,NULL,NULL,NULL,NULL,NULL,'XII-T2-21',NULL,NULL,NULL,'0',NULL),
	(392,393,'FITRI AYU WULANDARI',NULL,NULL,NULL,NULL,NULL,NULL,NULL,NULL,'XII-T2-22',NULL,NULL,NULL,'0',NULL),
	(393,394,'Gede Mahendra Bagas Arya',NULL,NULL,NULL,NULL,NULL,NULL,NULL,NULL,'XII-T2-23',NULL,NULL,NULL,'0',NULL),
	(394,395,'Gede Putu Adityawarman Okadhana',NULL,NULL,NULL,NULL,NULL,NULL,NULL,NULL,'XII-T2-24',NULL,NULL,NULL,'0',NULL),
	(395,396,'Gigih Ramadhan Surya Prasetya',NULL,NULL,NULL,NULL,NULL,NULL,NULL,NULL,'XII-T2-25',NULL,NULL,NULL,'0',NULL),
	(396,397,'HANDITASARI WIDYANINGRUM',NULL,NULL,NULL,NULL,NULL,NULL,NULL,NULL,'XII-T2-26',NULL,NULL,NULL,'0',NULL),
	(397,398,'HANIFAH ULFAH RABBANI',NULL,NULL,NULL,NULL,NULL,NULL,NULL,NULL,'XII-T2-27',NULL,NULL,NULL,'0',NULL),
	(398,399,'Hario Noviyanto',NULL,NULL,NULL,NULL,NULL,NULL,NULL,NULL,'XII-T2-28',NULL,NULL,NULL,'0',NULL),
	(399,400,'HELFINA RAZI PUTRI',NULL,NULL,NULL,NULL,NULL,NULL,NULL,NULL,'XII-T2-29',NULL,NULL,NULL,'0',NULL),
	(400,401,'HENIS YUS EVA',NULL,NULL,NULL,NULL,NULL,NULL,NULL,NULL,'XII-T2-30',NULL,NULL,NULL,'0',NULL),
	(401,402,'HESTI ANGGORO DIAN HAPSARI',NULL,NULL,NULL,NULL,NULL,NULL,NULL,NULL,'XII-T2-31',NULL,NULL,NULL,'0',NULL),
	(402,403,'Ian Satria Bagaskara Serpara',NULL,NULL,NULL,NULL,NULL,NULL,NULL,NULL,'XII-T2-32',NULL,NULL,NULL,'0',NULL),
	(403,404,'Iffan Dedhy Christianto',NULL,NULL,NULL,NULL,NULL,NULL,NULL,NULL,'XII-T2-33',NULL,NULL,NULL,'0',NULL),
	(404,405,'Ilham Akbar Putra',NULL,NULL,NULL,NULL,NULL,NULL,NULL,NULL,'XII-T2-34',NULL,NULL,NULL,'0',NULL),
	(405,406,'Ilham Fikhri Abdillah',NULL,NULL,NULL,NULL,NULL,NULL,NULL,NULL,'XII-T2-35',NULL,NULL,NULL,'0',NULL),
	(406,407,'INTANIA MA\'RIFATUS SYIFA',NULL,NULL,NULL,NULL,NULL,NULL,NULL,NULL,'XII-T2-36',NULL,NULL,NULL,'0',NULL),
	(407,408,'ISKA ULFA NUR KARIMAH',NULL,NULL,NULL,NULL,NULL,NULL,NULL,NULL,'XII-T2-37',NULL,NULL,NULL,'0',NULL),
	(408,409,'Jerry Mardiananta',NULL,NULL,NULL,NULL,NULL,NULL,NULL,NULL,'XII-T2-38',NULL,NULL,NULL,'0',NULL),
	(409,410,'Johan Ardi Wibisono',NULL,NULL,NULL,NULL,NULL,NULL,NULL,NULL,'XII-T2-39',NULL,NULL,NULL,'0',NULL),
	(410,411,'Julian Akbar Renaldi',NULL,NULL,NULL,NULL,NULL,NULL,NULL,NULL,'XII-T2-40',NULL,NULL,NULL,'0',NULL),
	(411,412,'KARINA YUNISTIRA',NULL,NULL,NULL,NULL,NULL,NULL,NULL,NULL,'XII-T3-01',NULL,NULL,NULL,'0',NULL),
	(412,413,'KEN ALIFIA KIRANA',NULL,NULL,NULL,NULL,NULL,NULL,NULL,NULL,'XII-T3-02',NULL,NULL,NULL,'0',NULL),
	(413,414,'KHUSNUL CAHYANI',NULL,NULL,NULL,NULL,NULL,NULL,NULL,NULL,'XII-T3-03',NULL,NULL,NULL,'0',NULL),
	(414,415,'KIEKO CHINTYA GERALDINE',NULL,NULL,NULL,NULL,NULL,NULL,NULL,NULL,'XII-T3-04',NULL,NULL,NULL,'0',NULL),
	(415,416,'Krisna Dewangga Purnama Putra',NULL,NULL,NULL,NULL,NULL,NULL,NULL,NULL,'XII-T3-05',NULL,NULL,NULL,'0',NULL),
	(416,417,'LAILA AGNIFATURROHMAH MANGGALI',NULL,NULL,NULL,NULL,NULL,NULL,NULL,NULL,'XII-T3-06',NULL,NULL,NULL,'0',NULL),
	(417,418,'LAILATUL FITRIYAH',NULL,NULL,NULL,NULL,NULL,NULL,NULL,NULL,'XII-T3-07',NULL,NULL,NULL,'0',NULL),
	(418,419,'LAILATUL MA\'RIFAH NUR PRATIWI',NULL,NULL,NULL,NULL,NULL,NULL,NULL,NULL,'XII-T3-08',NULL,NULL,NULL,'0',NULL),
	(419,420,'LAILIN NUR ASIYAH',NULL,NULL,NULL,NULL,NULL,NULL,NULL,NULL,'XII-T3-09',NULL,NULL,NULL,'0',NULL),
	(420,421,'LAYLI CHUSNA NIKMATUL KAMILA',NULL,NULL,NULL,NULL,NULL,NULL,NULL,NULL,'XII-T3-10',NULL,NULL,NULL,'0',NULL),
	(421,422,'LINA AZIZAH',NULL,NULL,NULL,NULL,NULL,NULL,NULL,NULL,'XII-T3-11',NULL,NULL,NULL,'0',NULL),
	(422,423,'LYSA LUTFIATUR ROHMAH',NULL,NULL,NULL,NULL,NULL,NULL,NULL,NULL,'XII-T3-12',NULL,NULL,NULL,'0',NULL),
	(423,424,'M. Islakhuddin Maqsudi',NULL,NULL,NULL,NULL,NULL,NULL,NULL,NULL,'XII-T3-13',NULL,NULL,NULL,'0',NULL),
	(424,425,'M. Rifqi Refianto',NULL,NULL,NULL,NULL,NULL,NULL,NULL,NULL,'XII-T3-14',NULL,NULL,NULL,'0',NULL),
	(425,426,'MAGHVIRNA RAFIKA DHEWI QIBRIYA',NULL,NULL,NULL,NULL,NULL,NULL,NULL,NULL,'XII-T3-15',NULL,NULL,NULL,'0',NULL),
	(426,427,'MERIN FITRIA RANI',NULL,NULL,NULL,NULL,NULL,NULL,NULL,NULL,'XII-T3-16',NULL,NULL,NULL,'0',NULL),
	(427,428,'Moch. Irvan Assidiqi',NULL,NULL,NULL,NULL,NULL,NULL,NULL,NULL,'XII-T3-17',NULL,NULL,NULL,'0',NULL),
	(428,429,'Mochamad Yuslivan Yunus',NULL,NULL,NULL,NULL,NULL,NULL,NULL,NULL,'XII-T3-18',NULL,NULL,NULL,'0',NULL),
	(429,430,'Moch. Hafizh Akbaruddin',NULL,NULL,NULL,NULL,NULL,NULL,NULL,NULL,'XII-T3-19',NULL,NULL,NULL,'0',NULL),
	(430,431,'Mochammad Rofi\'i Irfan',NULL,NULL,NULL,NULL,NULL,NULL,NULL,NULL,'XII-T3-20',NULL,NULL,NULL,'0',NULL),
	(431,432,'Muhammad Billy Agassi',NULL,NULL,NULL,NULL,NULL,NULL,NULL,NULL,'XII-T3-21',NULL,NULL,NULL,'0',NULL),
	(432,433,'Muhammad Evan Axel Artono',NULL,NULL,NULL,NULL,NULL,NULL,NULL,NULL,'XII-T3-22',NULL,NULL,NULL,'0',NULL),
	(433,434,'Muhammad Fajar Alif Firman Cahya Utama',NULL,NULL,NULL,NULL,NULL,NULL,NULL,NULL,'XII-T3-23',NULL,NULL,NULL,'0',NULL),
	(434,435,'Muhammad Rinaldi Akbar Andiyanto',NULL,NULL,NULL,NULL,NULL,NULL,NULL,NULL,'XII-T3-24',NULL,NULL,NULL,'0',NULL),
	(435,436,'Muhammad Subhan Al Azmi',NULL,NULL,NULL,NULL,NULL,NULL,NULL,NULL,'XII-T3-25',NULL,NULL,NULL,'0',NULL),
	(436,437,'Muhammad Syarifuddin Ilham',NULL,NULL,NULL,NULL,NULL,NULL,NULL,NULL,'XII-T3-26',NULL,NULL,NULL,'0',NULL),
	(437,438,'MUSTAFIDATUN NASHIHAH',NULL,NULL,NULL,NULL,NULL,NULL,NULL,NULL,'XII-T3-27',NULL,NULL,NULL,'0',NULL),
	(438,439,'Narendra Anggher Luhur Bayutantra',NULL,NULL,NULL,NULL,NULL,NULL,NULL,NULL,'XII-T3-28',NULL,NULL,NULL,'0',NULL),
	(439,440,'NEFI SULISLIASARI',NULL,NULL,NULL,NULL,NULL,NULL,NULL,NULL,'XII-T3-29',NULL,NULL,NULL,'0',NULL),
	(440,441,'NOERHAYATI DJUMAAH MANIS',NULL,NULL,NULL,NULL,NULL,NULL,NULL,NULL,'XII-T3-30',NULL,NULL,NULL,'0',NULL),
	(441,442,'NOVI ANGGRAENY',NULL,NULL,NULL,NULL,NULL,NULL,NULL,NULL,'XII-T3-31',NULL,NULL,NULL,'0',NULL),
	(442,443,'NOVI SEBTIAN AMELIA',NULL,NULL,NULL,NULL,NULL,NULL,NULL,NULL,'XII-T3-32',NULL,NULL,NULL,'0',NULL),
	(443,444,'NOVIANA ANDINI SUTANTO',NULL,NULL,NULL,NULL,NULL,NULL,NULL,NULL,'XII-T3-33',NULL,NULL,NULL,'0',NULL),
	(444,445,'NUR LATIFAH',NULL,NULL,NULL,NULL,NULL,NULL,NULL,NULL,'XII-T3-34',NULL,NULL,NULL,'0',NULL),
	(445,446,'Nur Rizki Daniar Pradana Sugianto',NULL,NULL,NULL,NULL,NULL,NULL,NULL,NULL,'XII-T3-35',NULL,NULL,NULL,'0',NULL),
	(446,447,'NURHALIZA',NULL,NULL,NULL,NULL,NULL,NULL,NULL,NULL,'XII-T3-36',NULL,NULL,NULL,'0',NULL),
	(447,448,'NUZULA ROLIANA PUTRI',NULL,NULL,NULL,NULL,NULL,NULL,NULL,NULL,'XII-T3-37',NULL,NULL,NULL,'0',NULL),
	(448,449,'Olan Yuharsyah',NULL,NULL,NULL,NULL,NULL,NULL,NULL,NULL,'XII-T3-38',NULL,NULL,NULL,'0',NULL),
	(449,450,'OSSA IQFIRLIA ZUHERRY',NULL,NULL,NULL,NULL,NULL,NULL,NULL,NULL,'XII-T3-39',NULL,NULL,NULL,'0',NULL),
	(450,451,'Prayogi Adji Pambudi',NULL,NULL,NULL,NULL,NULL,NULL,NULL,NULL,'XII-T3-40',NULL,NULL,NULL,'0',NULL),
	(451,452,'Prayuda Wahyu Ramadhan',NULL,NULL,NULL,NULL,NULL,NULL,NULL,NULL,'XII-T4-01',NULL,NULL,NULL,'0',NULL),
	(452,453,'Prayudi Wahyu Ramadhan',NULL,NULL,NULL,NULL,NULL,NULL,NULL,NULL,'XII-T4-02',NULL,NULL,NULL,'0',NULL),
	(453,454,'PRISKA SUSETA',NULL,NULL,NULL,NULL,NULL,NULL,NULL,NULL,'XII-T4-03',NULL,NULL,NULL,'0',NULL),
	(454,455,'PUTRI ANJAR SARI ROMADHON',NULL,NULL,NULL,NULL,NULL,NULL,NULL,NULL,'XII-T4-04',NULL,NULL,NULL,'0',NULL),
	(455,456,'PUTRI SABRINA NURHIDAYAH',NULL,NULL,NULL,NULL,NULL,NULL,NULL,NULL,'XII-T4-05',NULL,NULL,NULL,'0',NULL),
	(456,457,'PUTRI WAHYU NINGSIH',NULL,NULL,NULL,NULL,NULL,NULL,NULL,NULL,'XII-T4-06',NULL,NULL,NULL,'0',NULL),
	(457,458,'Rachmat Adhie Wiranto',NULL,NULL,NULL,NULL,NULL,NULL,NULL,NULL,'XII-T4-07',NULL,NULL,NULL,'0',NULL),
	(458,459,'Raden Julius Dwi Kresnanda',NULL,NULL,NULL,NULL,NULL,NULL,NULL,NULL,'XII-T4-08',NULL,NULL,NULL,'0',NULL),
	(459,460,'RAHMA PRAMESWARI PUTRI',NULL,NULL,NULL,NULL,NULL,NULL,NULL,NULL,'XII-T4-09',NULL,NULL,NULL,'0',NULL),
	(460,461,'Rama Cahya Aulia',NULL,NULL,NULL,NULL,NULL,NULL,NULL,NULL,'XII-T4-10',NULL,NULL,NULL,'0',NULL),
	(461,462,'RATIH PUSFITA RAHAYU',NULL,NULL,NULL,NULL,NULL,NULL,NULL,NULL,'XII-T4-11',NULL,NULL,NULL,'0',NULL),
	(462,463,'Reno Dwi Gustavino',NULL,NULL,NULL,NULL,NULL,NULL,NULL,NULL,'XII-T4-12',NULL,NULL,NULL,'0',NULL),
	(463,464,'RESMA SONYA NUR\'AFIFAH',NULL,NULL,NULL,NULL,NULL,NULL,NULL,NULL,'XII-T4-13',NULL,NULL,NULL,'0',NULL),
	(464,465,'RISCA SEPTI WIDYAWATI',NULL,NULL,NULL,NULL,NULL,NULL,NULL,NULL,'XII-T4-14',NULL,NULL,NULL,'0',NULL),
	(465,466,'Riski Wahyu Kurniawan',NULL,NULL,NULL,NULL,NULL,NULL,NULL,NULL,'XII-T4-15',NULL,NULL,NULL,'0',NULL),
	(466,467,'RISTIKA ARUM',NULL,NULL,NULL,NULL,NULL,NULL,NULL,NULL,'XII-T4-16',NULL,NULL,NULL,'0',NULL),
	(467,468,'Rizqi Maulana Luthfan',NULL,NULL,NULL,NULL,NULL,NULL,NULL,NULL,'XII-T4-17',NULL,NULL,NULL,'0',NULL),
	(468,469,'RIZQIYYAH SALSABILA',NULL,NULL,NULL,NULL,NULL,NULL,NULL,NULL,'XII-T4-18',NULL,NULL,NULL,'0',NULL),
	(469,470,'Rochmad Surya Kuswandi',NULL,NULL,NULL,NULL,NULL,NULL,NULL,NULL,'XII-T4-19',NULL,NULL,NULL,'0',NULL),
	(470,471,'ROVITA REBINA HAQIE',NULL,NULL,NULL,NULL,NULL,NULL,NULL,NULL,'XII-T4-20',NULL,NULL,NULL,'0',NULL),
	(471,472,'SALMA YUSRA NANDIA',NULL,NULL,NULL,NULL,NULL,NULL,NULL,NULL,'XII-T4-21',NULL,NULL,NULL,'0',NULL),
	(472,473,'SANDRA PRASTIYANTI',NULL,NULL,NULL,NULL,NULL,NULL,NULL,NULL,'XII-T4-22',NULL,NULL,NULL,'0',NULL),
	(473,474,'Sekti Purnama Aji',NULL,NULL,NULL,NULL,NULL,NULL,NULL,NULL,'XII-T4-23',NULL,NULL,NULL,'0',NULL),
	(474,475,'Selma Aulia Sekarrizky',NULL,NULL,NULL,NULL,NULL,NULL,NULL,NULL,'XII-T4-24',NULL,NULL,NULL,'0',NULL),
	(475,476,'SHAFIRA PUTERI NOORADYA',NULL,NULL,NULL,NULL,NULL,NULL,NULL,NULL,'XII-T4-25',NULL,NULL,NULL,'0',NULL),
	(476,477,'SILVIA MAULIDIA',NULL,NULL,NULL,NULL,NULL,NULL,NULL,NULL,'XII-T4-26',NULL,NULL,NULL,'0',NULL),
	(477,478,'SINTIA WAHYUNINGTYAS',NULL,NULL,NULL,NULL,NULL,NULL,NULL,NULL,'XII-T4-27',NULL,NULL,NULL,'0',NULL),
	(478,479,'SITI ZUBAIDAH EFENDI',NULL,NULL,NULL,NULL,NULL,NULL,NULL,NULL,'XII-T4-28',NULL,NULL,NULL,'0',NULL),
	(479,480,'TASYA KURNIA PRAWITASARI',NULL,NULL,NULL,NULL,NULL,NULL,NULL,NULL,'XII-T4-29',NULL,NULL,NULL,'0',NULL),
	(480,481,'Tatag Tri Al\'am Onyx Pradana',NULL,NULL,NULL,NULL,NULL,NULL,NULL,NULL,'XII-T4-30',NULL,NULL,NULL,'0',NULL),
	(481,482,'Timurta Bagus Prapditya Laksana',NULL,NULL,NULL,NULL,NULL,NULL,NULL,NULL,'XII-T4-31',NULL,NULL,NULL,'0',NULL),
	(482,483,'TIWANTY SEPTA VIRDIYANA',NULL,NULL,NULL,NULL,NULL,NULL,NULL,NULL,'XII-T4-32',NULL,NULL,NULL,'0',NULL),
	(483,484,'Tommy Firmansyah',NULL,NULL,NULL,NULL,NULL,NULL,NULL,NULL,'XII-T4-33',NULL,NULL,NULL,'0',NULL),
	(484,485,'Transbara Wahyu Firmansyah',NULL,NULL,NULL,NULL,NULL,NULL,NULL,NULL,'XII-T4-34',NULL,NULL,NULL,'0',NULL),
	(485,486,'Tri Cahyo Nugroho',NULL,NULL,NULL,NULL,NULL,NULL,NULL,NULL,'XII-T4-35',NULL,NULL,NULL,'0',NULL),
	(486,487,'VERINANIKA NORMA JELITA',NULL,NULL,NULL,NULL,NULL,NULL,NULL,NULL,'XII-T4-36',NULL,NULL,NULL,'0',NULL),
	(487,488,'YESSA PUTRI ERESTYAN SUJIANTO',NULL,NULL,NULL,NULL,NULL,NULL,NULL,NULL,'XII-T4-37',NULL,NULL,NULL,'0',NULL),
	(488,489,'Yosafat Dhimas Kurnia Adi',NULL,NULL,NULL,NULL,NULL,NULL,NULL,NULL,'XII-T4-38',NULL,NULL,NULL,'0',NULL),
	(489,490,'YURIZKI NUZUL RATNAWURI',NULL,NULL,NULL,NULL,NULL,NULL,NULL,NULL,'XII-T4-39',NULL,NULL,NULL,'0',NULL),
	(490,491,'ZAHUA MAHIRA REYMONDA HERIYANTO',NULL,NULL,NULL,NULL,NULL,NULL,NULL,NULL,'XII-T4-40',NULL,NULL,NULL,'0',NULL),
	(491,492,'A.C. Ahlul Akbar Esasjana',NULL,NULL,NULL,NULL,NULL,NULL,NULL,NULL,'XII-R1-01',NULL,NULL,NULL,'0',NULL),
	(492,493,'Abraham Christian Pilongo',NULL,NULL,NULL,NULL,NULL,NULL,NULL,NULL,'XII-R1-02',NULL,NULL,NULL,'0',NULL),
	(493,494,'Adhitya Candra Panji Pradhita',NULL,NULL,NULL,NULL,NULL,NULL,NULL,NULL,'XII-R1-03',NULL,NULL,NULL,'0',NULL),
	(494,495,'Afif Ilhamsyah',NULL,NULL,NULL,NULL,NULL,NULL,NULL,NULL,'XII-R1-04',NULL,NULL,NULL,'0',NULL),
	(495,496,'Agswindo Erdi Arwanda',NULL,NULL,NULL,NULL,NULL,NULL,NULL,NULL,'XII-R1-05',NULL,NULL,NULL,'0',NULL),
	(496,497,'Agung Saputra',NULL,NULL,NULL,NULL,NULL,NULL,NULL,NULL,'XII-R1-06',NULL,NULL,NULL,'0',NULL),
	(497,498,'Ahmad Fahryan',NULL,NULL,NULL,NULL,NULL,NULL,NULL,NULL,'XII-R1-07',NULL,NULL,NULL,'0',NULL),
	(498,499,'Ahmad Farid',NULL,NULL,NULL,NULL,NULL,NULL,NULL,NULL,'XII-R1-08',NULL,NULL,NULL,'0',NULL),
	(499,500,'Akbar Reza Pahlawan',NULL,NULL,NULL,NULL,NULL,NULL,NULL,NULL,'XII-R1-09',NULL,NULL,NULL,'0',NULL),
	(500,501,'Akbar Rizqi Luhur Pambudi',NULL,NULL,NULL,NULL,NULL,NULL,NULL,NULL,'XII-R1-10',NULL,NULL,NULL,'0',NULL),
	(501,502,'Aldian Akbar Dwi Septian',NULL,NULL,NULL,NULL,NULL,NULL,NULL,NULL,'XII-R1-11',NULL,NULL,NULL,'0',NULL),
	(502,503,'Alfian Chandra Christanto',NULL,NULL,NULL,NULL,NULL,NULL,NULL,NULL,'XII-R1-12',NULL,NULL,NULL,'0',NULL),
	(503,504,'ALFINDA CAYANI WIDIA',NULL,NULL,NULL,NULL,NULL,NULL,NULL,NULL,'XII-R1-13',NULL,NULL,NULL,'0',NULL),
	(504,505,'AMELIA MAULANY',NULL,NULL,NULL,NULL,NULL,NULL,NULL,NULL,'XII-R1-14',NULL,NULL,NULL,'0',NULL),
	(505,506,'Amirudin Rizal Divianto',NULL,NULL,NULL,NULL,NULL,NULL,NULL,NULL,'XII-R1-15',NULL,NULL,NULL,'0',NULL),
	(506,507,'Andre Pratama Putra',NULL,NULL,NULL,NULL,NULL,NULL,NULL,NULL,'XII-R1-16',NULL,NULL,NULL,'0',NULL),
	(507,508,'Andyka Agung Bahari Aldiansyah',NULL,NULL,NULL,NULL,NULL,NULL,NULL,NULL,'XII-R1-17',NULL,NULL,NULL,'0',NULL),
	(508,509,'ANES PARASWATI TRISNANDA',NULL,NULL,NULL,NULL,NULL,NULL,NULL,NULL,'XII-R1-18',NULL,NULL,NULL,'0',NULL),
	(509,510,'ANISSATUL DZIZIYANA',NULL,NULL,NULL,NULL,NULL,NULL,NULL,NULL,'XII-R1-19',NULL,NULL,NULL,'0',NULL),
	(510,511,'Anthony Enrico Chiesa',NULL,NULL,NULL,NULL,NULL,NULL,NULL,NULL,'XII-R1-20',NULL,NULL,NULL,'0',NULL),
	(511,512,'Argy Nur Fiandy',NULL,NULL,NULL,NULL,NULL,NULL,NULL,NULL,'XII-R1-21',NULL,NULL,NULL,'0',NULL),
	(512,513,'Arrigho Raeto Praweka Lithujalu',NULL,NULL,NULL,NULL,NULL,NULL,NULL,NULL,'XII-R1-22',NULL,NULL,NULL,'0',NULL),
	(513,514,'ATIKA HILYATI',NULL,NULL,NULL,NULL,NULL,NULL,NULL,NULL,'XII-R1-23',NULL,NULL,NULL,'0',NULL),
	(514,515,'AYU NOVITA SARI',NULL,NULL,NULL,NULL,NULL,NULL,NULL,NULL,'XII-R1-24',NULL,NULL,NULL,'0',NULL),
	(515,516,'AYU YUANITA SAPUTRI',NULL,NULL,NULL,NULL,NULL,NULL,NULL,NULL,'XII-R1-25',NULL,NULL,NULL,'0',NULL),
	(516,517,'Bagas Pratama Anindito',NULL,NULL,NULL,NULL,NULL,NULL,NULL,NULL,'XII-R1-26',NULL,NULL,NULL,'0',NULL),
	(517,518,'Bagas Prayogo Putro',NULL,NULL,NULL,NULL,NULL,NULL,NULL,NULL,'XII-R1-27',NULL,NULL,NULL,'0',NULL),
	(518,519,'Bagas Satya Laksono',NULL,NULL,NULL,NULL,NULL,NULL,NULL,NULL,'XII-R1-28',NULL,NULL,NULL,'0',NULL),
	(519,520,'Bagus Rizaldy Setiambodo',NULL,NULL,NULL,NULL,NULL,NULL,NULL,NULL,'XII-R1-29',NULL,NULL,NULL,'0',NULL),
	(520,521,'BELLA TIARA SARI',NULL,NULL,NULL,NULL,NULL,NULL,NULL,NULL,'XII-R1-30',NULL,NULL,NULL,'0',NULL),
	(521,522,'Bhakti Kusuma Anggara',NULL,NULL,NULL,NULL,NULL,NULL,NULL,NULL,'XII-R1-31',NULL,NULL,NULL,'0',NULL),
	(522,523,'Bintang Aditya Harwi',NULL,NULL,NULL,NULL,NULL,NULL,NULL,NULL,'XII-R1-32',NULL,NULL,NULL,'0',NULL),
	(523,524,'Bobby Ananda',NULL,NULL,NULL,NULL,NULL,NULL,NULL,NULL,'XII-R1-33',NULL,NULL,NULL,'0',NULL),
	(524,525,'Bramasto Wicaksono',NULL,NULL,NULL,NULL,NULL,NULL,NULL,NULL,'XII-R1-34',NULL,NULL,NULL,'0',NULL),
	(525,526,'Bravian Pradoto',NULL,NULL,NULL,NULL,NULL,NULL,NULL,NULL,'XII-R1-35',NULL,NULL,NULL,'0',NULL),
	(526,527,'Bryan Adityatama Sugiharto',NULL,NULL,NULL,NULL,NULL,NULL,NULL,NULL,'XII-R1-36',NULL,NULL,NULL,'0',NULL),
	(527,528,'Calvin Gagah Sangkara',NULL,NULL,NULL,NULL,NULL,NULL,NULL,NULL,'XII-R1-37',NULL,NULL,NULL,'0',NULL),
	(528,529,'CINDY ARMEDYA UTOMO PUTRI',NULL,NULL,NULL,NULL,NULL,NULL,NULL,NULL,'XII-R1-38',NULL,NULL,NULL,'0',NULL),
	(529,530,'Damar Risnanda Ari Candra',NULL,NULL,NULL,NULL,NULL,NULL,NULL,NULL,'XII-R1-39',NULL,NULL,NULL,'0',NULL),
	(530,531,'Dawaam Suruuriy',NULL,NULL,NULL,NULL,NULL,NULL,NULL,NULL,'XII-R1-40',NULL,NULL,NULL,'0',NULL),
	(531,532,'Deby Setya Pratama',NULL,NULL,NULL,NULL,NULL,NULL,NULL,NULL,'XII-R2-01',NULL,NULL,NULL,'0',NULL),
	(532,533,'Della Reno Rinaldi',NULL,NULL,NULL,NULL,NULL,NULL,NULL,NULL,'XII-R2-02',NULL,NULL,NULL,'0',NULL),
	(533,534,'DESI SYA\'BANIA RAHMA NI\'MATIN',NULL,NULL,NULL,NULL,NULL,NULL,NULL,NULL,'XII-R2-03',NULL,NULL,NULL,'0',NULL),
	(534,535,'DEVIKA AYU LAREDA',NULL,NULL,NULL,NULL,NULL,NULL,NULL,NULL,'XII-R2-04',NULL,NULL,NULL,'0',NULL),
	(535,536,'DIAN NURHARDIYANTI',NULL,NULL,NULL,NULL,NULL,NULL,NULL,NULL,'XII-R2-05',NULL,NULL,NULL,'0',NULL),
	(536,537,'Dimas Suryo Dwi Prasetyo',NULL,NULL,NULL,NULL,NULL,NULL,NULL,NULL,'XII-R2-06',NULL,NULL,NULL,'0',NULL),
	(537,538,'Dimas Tri Andhika Putra',NULL,NULL,NULL,NULL,NULL,NULL,NULL,NULL,'XII-R2-07',NULL,NULL,NULL,'0',NULL),
	(538,539,'Dimicko Asghary',NULL,NULL,NULL,NULL,NULL,NULL,NULL,NULL,'XII-R2-08',NULL,NULL,NULL,'0',NULL),
	(539,540,'DINI FIKRIYATUL MUKAROMAH',NULL,NULL,NULL,NULL,NULL,NULL,NULL,NULL,'XII-R2-09',NULL,NULL,NULL,'0',NULL),
	(540,541,'Diray Umamit',NULL,NULL,NULL,NULL,NULL,NULL,NULL,NULL,'XII-R2-10',NULL,NULL,NULL,'0',NULL),
	(541,542,'DYAH AYU RATNA DWININGSIH',NULL,NULL,NULL,NULL,NULL,NULL,NULL,NULL,'XII-R2-11',NULL,NULL,NULL,'0',NULL),
	(542,543,'DYAH PRAPTANINGRUM',NULL,NULL,NULL,NULL,NULL,NULL,NULL,NULL,'XII-R2-12',NULL,NULL,NULL,'0',NULL),
	(543,544,'Dzaky Rafi Syahputra',NULL,NULL,NULL,NULL,NULL,NULL,NULL,NULL,'XII-R2-13',NULL,NULL,NULL,'0',NULL),
	(544,545,'Edrian Prasetyo Budi',NULL,NULL,NULL,NULL,NULL,NULL,NULL,NULL,'XII-R2-14',NULL,NULL,NULL,'0',NULL),
	(545,546,'Egar Abdi Prasetya',NULL,NULL,NULL,NULL,NULL,NULL,NULL,NULL,'XII-R2-15',NULL,NULL,NULL,'0',NULL),
	(546,547,'EKA DEVI PRASETIYA',NULL,NULL,NULL,NULL,NULL,NULL,NULL,NULL,'XII-R2-16',NULL,NULL,NULL,'0',NULL),
	(547,548,'Eka Duta Prasetiya',NULL,NULL,NULL,NULL,NULL,NULL,NULL,NULL,'XII-R2-17',NULL,NULL,NULL,'0',NULL),
	(548,549,'ERINA YOGI SAPUTRI',NULL,NULL,NULL,NULL,NULL,NULL,NULL,NULL,'XII-R2-18',NULL,NULL,NULL,'0',NULL),
	(549,550,'Esa Dewa Dalla Kharisma',NULL,NULL,NULL,NULL,NULL,NULL,NULL,NULL,'XII-R2-19',NULL,NULL,NULL,'0',NULL),
	(550,551,'Fachrudin Mas\'ud',NULL,NULL,NULL,NULL,NULL,NULL,NULL,NULL,'XII-R2-20',NULL,NULL,NULL,'0',NULL),
	(551,552,'Fachry Dwiprihanto Salam',NULL,NULL,NULL,NULL,NULL,NULL,NULL,NULL,'XII-R2-21',NULL,NULL,NULL,'0',NULL),
	(552,553,'Fadea Dinata',NULL,NULL,NULL,NULL,NULL,NULL,NULL,NULL,'XII-R2-22',NULL,NULL,NULL,'0',NULL),
	(553,554,'Fahmi Aldira Sakti',NULL,NULL,NULL,NULL,NULL,NULL,NULL,NULL,'XII-R2-23',NULL,NULL,NULL,'0',NULL),
	(554,555,'Faizal Dwi Pramono',NULL,NULL,NULL,NULL,NULL,NULL,NULL,NULL,'XII-R2-24',NULL,NULL,NULL,'0',NULL),
	(555,556,'Fajar Kurniawan',NULL,NULL,NULL,NULL,NULL,NULL,NULL,NULL,'XII-R2-25',NULL,NULL,NULL,'0',NULL),
	(556,557,'Fajar Wirawan',NULL,NULL,NULL,NULL,NULL,NULL,NULL,NULL,'XII-R2-26',NULL,NULL,NULL,'0',NULL),
	(557,558,'Firman Alamsyah',NULL,NULL,NULL,NULL,NULL,NULL,NULL,NULL,'XII-R2-27',NULL,NULL,NULL,'0',NULL),
	(558,559,'FRANSISKA MAYA ARIANA',NULL,NULL,NULL,NULL,NULL,NULL,NULL,NULL,'XII-R2-28',NULL,NULL,NULL,'0',NULL),
	(559,560,'GABRIELLA VINDY KAWURI',NULL,NULL,NULL,NULL,NULL,NULL,NULL,NULL,'XII-R2-29',NULL,NULL,NULL,'0',NULL),
	(560,561,'Galih Prambudiarta',NULL,NULL,NULL,NULL,NULL,NULL,NULL,NULL,'XII-R2-30',NULL,NULL,NULL,'0',NULL),
	(561,562,'Gilang Ramadhan Agung Gumelar',NULL,NULL,NULL,NULL,NULL,NULL,NULL,NULL,'XII-R2-31',NULL,NULL,NULL,'0',NULL),
	(562,563,'Hafid Rizqifaluthi',NULL,NULL,NULL,NULL,NULL,NULL,NULL,NULL,'XII-R2-32',NULL,NULL,NULL,'0',NULL),
	(563,564,'Hanna Handika Putra',NULL,NULL,NULL,NULL,NULL,NULL,NULL,NULL,'XII-R2-33',NULL,NULL,NULL,'0',NULL),
	(564,565,'Hayhaq Ari Triwijayasa',NULL,NULL,NULL,NULL,NULL,NULL,NULL,NULL,'XII-R2-34',NULL,NULL,NULL,'0',NULL),
	(565,566,'HENIS WIDAYANTI',NULL,NULL,NULL,NULL,NULL,NULL,NULL,NULL,'XII-R2-35',NULL,NULL,NULL,'0',NULL),
	(566,567,'Heru Prasetyawan',NULL,NULL,NULL,NULL,NULL,NULL,NULL,NULL,'XII-R2-36',NULL,NULL,NULL,'0',NULL),
	(567,568,'Ilham Maulana',NULL,NULL,NULL,NULL,NULL,NULL,NULL,NULL,'XII-R2-37',NULL,NULL,NULL,'0',NULL),
	(568,569,'INTAN PUTRI RACHMAWATI',NULL,NULL,NULL,NULL,NULL,NULL,NULL,NULL,'XII-R2-38',NULL,NULL,NULL,'0',NULL),
	(569,570,'INTAN SURYA AYU ANINDYA',NULL,NULL,NULL,NULL,NULL,NULL,NULL,NULL,'XII-R2-39',NULL,NULL,NULL,'0',NULL),
	(570,571,'Irfan Zaenal Putra',NULL,NULL,NULL,NULL,NULL,NULL,NULL,NULL,'XII-R2-40',NULL,NULL,NULL,'0',NULL),
	(571,572,'IRIENSIA AINUN PUTRI KARTIKA SARI',NULL,NULL,NULL,NULL,NULL,NULL,NULL,NULL,'XII-R3-01',NULL,NULL,NULL,'0',NULL),
	(572,573,'ISROTIN TRI DAMAYANTI',NULL,NULL,NULL,NULL,NULL,NULL,NULL,NULL,'XII-R3-02',NULL,NULL,NULL,'0',NULL),
	(573,574,'IZMI PERMATASARI SUSANTO',NULL,NULL,NULL,NULL,NULL,NULL,NULL,NULL,'XII-R3-03',NULL,NULL,NULL,'0',NULL),
	(574,575,'Jano Laskar Dewandaru',NULL,NULL,NULL,NULL,NULL,NULL,NULL,NULL,'XII-R3-04',NULL,NULL,NULL,'0',NULL),
	(575,576,'Johan Diaz Bagaskara',NULL,NULL,NULL,NULL,NULL,NULL,NULL,NULL,'XII-R3-05',NULL,NULL,NULL,'0',NULL),
	(576,577,'Junhangga Prihandhana',NULL,NULL,NULL,NULL,NULL,NULL,NULL,NULL,'XII-R3-06',NULL,NULL,NULL,'0',NULL),
	(577,578,'JUNITA PRISTI NUR AFNAIN',NULL,NULL,NULL,NULL,NULL,NULL,NULL,NULL,'XII-R3-07',NULL,NULL,NULL,'0',NULL),
	(578,579,'KHANIA PUTRI KUSUMA DEWI',NULL,NULL,NULL,NULL,NULL,NULL,NULL,NULL,'XII-R3-08',NULL,NULL,NULL,'0',NULL),
	(579,580,'KHIJJA HAMAMI',NULL,NULL,NULL,NULL,NULL,NULL,NULL,NULL,'XII-R3-09',NULL,NULL,NULL,'0',NULL),
	(580,581,'KHOIRIMA NUR HIKMAH',NULL,NULL,NULL,NULL,NULL,NULL,NULL,NULL,'XII-R3-10',NULL,NULL,NULL,'0',NULL),
	(581,582,'LEVIRA NINDY SEPTICA',NULL,NULL,NULL,NULL,NULL,NULL,NULL,NULL,'XII-R3-11',NULL,NULL,NULL,'0',NULL),
	(582,583,'Luhung Jiwa Saputra',NULL,NULL,NULL,NULL,NULL,NULL,NULL,NULL,'XII-R3-12',NULL,NULL,NULL,'0',NULL),
	(583,584,'M. David Arhentio Oscar',NULL,NULL,NULL,NULL,NULL,NULL,NULL,NULL,'XII-R3-13',NULL,NULL,NULL,'0',NULL),
	(584,585,'M. Rizky Ma\'rufi',NULL,NULL,NULL,NULL,NULL,NULL,NULL,NULL,'XII-R3-14',NULL,NULL,NULL,'0',NULL),
	(585,586,'MACHLUSIL AULIA PUTRI',NULL,NULL,NULL,NULL,NULL,NULL,NULL,NULL,'XII-R3-15',NULL,NULL,NULL,'0',NULL),
	(586,587,'MARIA AYU KRISMANINGTYAS',NULL,NULL,NULL,NULL,NULL,NULL,NULL,NULL,'XII-R3-16',NULL,NULL,NULL,'0',NULL),
	(587,588,'Maulana Ghoffarul Kahfi',NULL,NULL,NULL,NULL,NULL,NULL,NULL,NULL,'XII-R3-17',NULL,NULL,NULL,'0',NULL),
	(588,589,'Maulana Malik Ibrahim',NULL,NULL,NULL,NULL,NULL,NULL,NULL,NULL,'XII-R3-18',NULL,NULL,NULL,'0',NULL),
	(589,590,'MAULIDYAH CELANDINE',NULL,NULL,NULL,NULL,NULL,NULL,NULL,NULL,'XII-R3-19',NULL,NULL,NULL,'0',NULL),
	(590,591,'MAY FAMILA MUSTIQA ILMA',NULL,NULL,NULL,NULL,NULL,NULL,NULL,NULL,'XII-R3-20',NULL,NULL,NULL,'0',NULL),
	(591,592,'Mirza Jauhar Ramadhan',NULL,NULL,NULL,NULL,NULL,NULL,NULL,NULL,'XII-R3-21',NULL,NULL,NULL,'0',NULL),
	(592,593,'Moch. Agusta Naofal Hakim',NULL,NULL,NULL,NULL,NULL,NULL,NULL,NULL,'XII-R3-22',NULL,NULL,NULL,'0',NULL),
	(593,594,'Mochamad Faishol Tri Afandi',NULL,NULL,NULL,NULL,NULL,NULL,NULL,NULL,'XII-R3-23',NULL,NULL,NULL,'0',NULL),
	(594,595,'Mochammad Afi Nur Hidayat',NULL,NULL,NULL,NULL,NULL,NULL,NULL,NULL,'XII-R3-24',NULL,NULL,NULL,'0',NULL),
	(595,596,'Mohamad Irwan Afandi',NULL,NULL,NULL,NULL,NULL,NULL,NULL,NULL,'XII-R3-25',NULL,NULL,NULL,'0',NULL),
	(596,597,'Mohammad Erik Rianto',NULL,NULL,NULL,NULL,NULL,NULL,NULL,NULL,'XII-R3-26',NULL,NULL,NULL,'0',NULL),
	(597,598,'Mohammad Nanda Pradana',NULL,NULL,NULL,NULL,NULL,NULL,NULL,NULL,'XII-R3-27',NULL,NULL,NULL,'0',NULL),
	(598,599,'Mohammad Reza Effendy',NULL,NULL,NULL,NULL,NULL,NULL,NULL,NULL,'XII-R3-28',NULL,NULL,NULL,'0',NULL),
	(599,600,'Muchamad Lukman Fauzi',NULL,NULL,NULL,NULL,NULL,NULL,NULL,NULL,'XII-R3-29',NULL,NULL,NULL,'0',NULL),
	(600,601,'Muchamad Rizal Effendy',NULL,NULL,NULL,NULL,NULL,NULL,NULL,NULL,'XII-R3-30',NULL,NULL,NULL,'0',NULL),
	(601,602,'Muchammad Hatta Zakaria',NULL,NULL,NULL,NULL,NULL,NULL,NULL,NULL,'XII-R3-31',NULL,NULL,NULL,'0',NULL),
	(602,603,'Mufti Maulana Rahman',NULL,NULL,NULL,NULL,NULL,NULL,NULL,NULL,'XII-R3-32',NULL,NULL,NULL,'0',NULL),
	(603,604,'Muh. Gery Nugroho Sakti',NULL,NULL,NULL,NULL,NULL,NULL,NULL,NULL,'XII-R3-33',NULL,NULL,NULL,'0',NULL),
	(604,605,'Muhamad Iqbal Dyratama',NULL,NULL,NULL,NULL,NULL,NULL,NULL,NULL,'XII-R3-34',NULL,NULL,NULL,'0',NULL),
	(605,606,'Muhamad Nico Nasrullah',NULL,NULL,NULL,NULL,NULL,NULL,NULL,NULL,'XII-R3-35',NULL,NULL,NULL,'0',NULL),
	(606,607,'Muhammad Gandhi Reynaldi',NULL,NULL,NULL,NULL,NULL,NULL,NULL,NULL,'XII-R3-36',NULL,NULL,NULL,'0',NULL),
	(607,608,'Muhammad Rayyan Abhad',NULL,NULL,NULL,NULL,NULL,NULL,NULL,NULL,'XII-R3-37',NULL,NULL,NULL,'0',NULL),
	(608,609,'Muhammad Zuhdan Shidqi',NULL,NULL,NULL,NULL,NULL,NULL,NULL,NULL,'XII-R3-38',NULL,NULL,NULL,'0',NULL),
	(609,610,'Muzakki Putra Pamungkas',NULL,NULL,NULL,NULL,NULL,NULL,NULL,NULL,'XII-R3-39',NULL,NULL,NULL,'0',NULL),
	(610,611,'NABILA ZORAIDHA DAMAYANTI',NULL,NULL,NULL,NULL,NULL,NULL,NULL,NULL,'XII-R4-01',NULL,NULL,NULL,'0',NULL),
	(611,612,'NADHIA NURIN SYARAFINA',NULL,NULL,NULL,NULL,NULL,NULL,NULL,NULL,'XII-R4-02',NULL,NULL,NULL,'0',NULL),
	(612,613,'NANDA DETRIARUM',NULL,NULL,NULL,NULL,NULL,NULL,NULL,NULL,'XII-R4-03',NULL,NULL,NULL,'0',NULL),
	(613,614,'NI PUTU AYU INTAN PERMATASARI',NULL,NULL,NULL,NULL,NULL,NULL,NULL,NULL,'XII-R4-04',NULL,NULL,NULL,'0',NULL),
	(614,615,'NIA SEPTIANI RAHAYU',NULL,NULL,NULL,NULL,NULL,NULL,NULL,NULL,'XII-R4-05',NULL,NULL,NULL,'0',NULL),
	(615,616,'Niko Rahman Saputro',NULL,NULL,NULL,NULL,NULL,NULL,NULL,NULL,'XII-R4-06',NULL,NULL,NULL,'0',NULL),
	(616,617,'NOVI KUSUMANINGAYU',NULL,NULL,NULL,NULL,NULL,NULL,NULL,NULL,'XII-R4-07',NULL,NULL,NULL,'0',NULL),
	(617,618,'NUR EYNI ALFIA',NULL,NULL,NULL,NULL,NULL,NULL,NULL,NULL,'XII-R4-08',NULL,NULL,NULL,'0',NULL),
	(618,619,'Pamongkas Lokapangayom Pramayoga',NULL,NULL,NULL,NULL,NULL,NULL,NULL,NULL,'XII-R4-09',NULL,NULL,NULL,'0',NULL),
	(619,620,'PANDU PUTRI PAMUNGKAS',NULL,NULL,NULL,NULL,NULL,NULL,NULL,NULL,'XII-R4-10',NULL,NULL,NULL,'0',NULL),
	(620,621,'PINGKAN DWI ANGGRAENI',NULL,NULL,NULL,NULL,NULL,NULL,NULL,NULL,'XII-R4-11',NULL,NULL,NULL,'0',NULL),
	(621,622,'Prasetya Eka Menggala',NULL,NULL,NULL,NULL,NULL,NULL,NULL,NULL,'XII-R4-12',NULL,NULL,NULL,'0',NULL),
	(622,623,'PRICILIA SUKARNO PUTRI',NULL,NULL,NULL,NULL,NULL,NULL,NULL,NULL,'XII-R4-13',NULL,NULL,NULL,'0',NULL),
	(623,624,'PRISALIA AMANATUS SHOLIHAH',NULL,NULL,NULL,NULL,NULL,NULL,NULL,NULL,'XII-R4-14',NULL,NULL,NULL,'0',NULL),
	(624,625,'RAHAYU DWI LESTARI',NULL,NULL,NULL,NULL,NULL,NULL,NULL,NULL,'XII-R4-15',NULL,NULL,NULL,'0',NULL),
	(625,626,'Rahmadin Widya Nurcahyo',NULL,NULL,NULL,NULL,NULL,NULL,NULL,NULL,'XII-R4-16',NULL,NULL,NULL,'0',NULL),
	(626,627,'Ravid Ardiansyah Nanda Ilhami',NULL,NULL,NULL,NULL,NULL,NULL,NULL,NULL,'XII-R4-17',NULL,NULL,NULL,'0',NULL),
	(627,628,'RHEINITA CHOIRUN NIKMAH',NULL,NULL,NULL,NULL,NULL,NULL,NULL,NULL,'XII-R4-18',NULL,NULL,NULL,'0',NULL),
	(628,629,'Ridhi Pratomo Pramudana',NULL,NULL,NULL,NULL,NULL,NULL,NULL,NULL,'XII-R4-19',NULL,NULL,NULL,'0',NULL),
	(629,630,'Ridwan Saputra',NULL,NULL,NULL,NULL,NULL,NULL,NULL,NULL,'XII-R4-20',NULL,NULL,NULL,'0',NULL),
	(630,631,'RIFQI PRADNJA PARAMITA',NULL,NULL,NULL,NULL,NULL,NULL,NULL,NULL,'XII-R4-21',NULL,NULL,NULL,'0',NULL),
	(631,632,'RISKA TEA AYU CINDY MAVIA',NULL,NULL,NULL,NULL,NULL,NULL,NULL,NULL,'XII-R4-22',NULL,NULL,NULL,'0',NULL),
	(632,633,'Rizky Jelang Romadhondaru',NULL,NULL,NULL,NULL,NULL,NULL,NULL,NULL,'XII-R4-23',NULL,NULL,NULL,'0',NULL),
	(633,634,'Rizqi Anugerah Firdaus',NULL,NULL,NULL,NULL,NULL,NULL,NULL,NULL,'XII-R4-24',NULL,NULL,NULL,'0',NULL),
	(634,635,'ROCHMAWATI APRILIA',NULL,NULL,NULL,NULL,NULL,NULL,NULL,NULL,'XII-R4-25',NULL,NULL,NULL,'0',NULL),
	(635,636,'Ronald Dimas Yuwandika',NULL,NULL,NULL,NULL,NULL,NULL,NULL,NULL,'XII-R4-26',NULL,NULL,NULL,'0',NULL),
	(636,637,'RUNY EKA NOVITASARI',NULL,NULL,NULL,NULL,NULL,NULL,NULL,NULL,'XII-R4-27',NULL,NULL,NULL,'0',NULL),
	(637,638,'SAFINATUN NAZA',NULL,NULL,NULL,NULL,NULL,NULL,NULL,NULL,'XII-R4-28',NULL,NULL,NULL,'0',NULL),
	(638,639,'Septian Hadi Prasetya',NULL,NULL,NULL,NULL,NULL,NULL,NULL,NULL,'XII-R4-29',NULL,NULL,NULL,'0',NULL),
	(639,640,'SHAFIRA TARA HAFIDZIA',NULL,NULL,NULL,NULL,NULL,NULL,NULL,NULL,'XII-R4-30',NULL,NULL,NULL,'0',NULL),
	(640,641,'SHAGITA REZKYA BAYU CHANDRA KIRANA',NULL,NULL,NULL,NULL,NULL,NULL,NULL,NULL,'XII-R4-31',NULL,NULL,NULL,'0',NULL),
	(641,642,'SISCA AURINA WARDANI',NULL,NULL,NULL,NULL,NULL,NULL,NULL,NULL,'XII-R4-32',NULL,NULL,NULL,'0',NULL),
	(642,643,'Sofyan Arifin',NULL,NULL,NULL,NULL,NULL,NULL,NULL,NULL,'XII-R4-33',NULL,NULL,NULL,'0',NULL),
	(643,644,'Taufan Fadhilah Iskandar',NULL,NULL,NULL,NULL,NULL,NULL,NULL,NULL,'XII-R4-34',NULL,NULL,NULL,'0',NULL),
	(644,645,'Wahyu Aditya',NULL,NULL,NULL,NULL,NULL,NULL,NULL,NULL,'XII-R4-35',NULL,NULL,NULL,'0',NULL),
	(645,646,'WIDIATI SHALEHA',NULL,NULL,NULL,NULL,NULL,NULL,NULL,NULL,'XII-R4-36',NULL,NULL,NULL,'0',NULL),
	(646,647,'YULIANI EKA INDRIASTUTI',NULL,NULL,NULL,NULL,NULL,NULL,NULL,NULL,'XII-R4-37',NULL,NULL,NULL,'0',NULL),
	(647,648,'YULITA DWI ANGGRAENI',NULL,NULL,NULL,NULL,NULL,NULL,NULL,NULL,'XII-R4-38',NULL,NULL,NULL,'0',NULL),
	(648,649,'YUYUN DWI AFIFA',NULL,NULL,NULL,NULL,NULL,NULL,NULL,NULL,'XII-R4-39',NULL,NULL,NULL,'0',NULL),
	(649,1,'Okta Purnama Rahadian',NULL,NULL,NULL,NULL,NULL,NULL,NULL,NULL,NULL,NULL,NULL,'2015-01-21 00:00:00',NULL,NULL),
	(650,650,'Denma R. Willyando',NULL,NULL,NULL,NULL,NULL,NULL,NULL,NULL,NULL,NULL,NULL,NULL,NULL,NULL),
	(651,651,'Probo Purwo Wicaksono',NULL,NULL,NULL,NULL,NULL,NULL,NULL,NULL,NULL,NULL,NULL,NULL,NULL,NULL),
	(652,652,'Andika Kurniantoro',NULL,NULL,NULL,NULL,NULL,NULL,NULL,NULL,NULL,NULL,NULL,NULL,NULL,NULL),
	(653,653,'Arief Darmawan',NULL,NULL,NULL,NULL,NULL,NULL,NULL,NULL,NULL,NULL,NULL,NULL,NULL,NULL),
	(654,654,'Erlina D. Rostita',NULL,NULL,NULL,NULL,NULL,NULL,NULL,NULL,NULL,NULL,NULL,NULL,NULL,NULL),
	(655,655,'Linda Arfiyanti',NULL,NULL,NULL,NULL,NULL,NULL,NULL,NULL,NULL,NULL,NULL,NULL,NULL,NULL),
	(656,656,'Caesar Aldela',NULL,NULL,NULL,NULL,NULL,NULL,NULL,NULL,NULL,NULL,NULL,NULL,NULL,NULL),
	(657,657,'Andika Rahmawati',NULL,NULL,NULL,NULL,NULL,NULL,NULL,NULL,NULL,NULL,NULL,NULL,NULL,NULL),
	(658,658,'Ghea Safferina',NULL,NULL,NULL,NULL,NULL,NULL,NULL,NULL,NULL,NULL,NULL,NULL,NULL,NULL),
	(659,659,'Helga Indra',NULL,NULL,NULL,NULL,NULL,NULL,NULL,NULL,NULL,NULL,NULL,NULL,NULL,NULL),
	(660,660,'Lathiful Amri',NULL,NULL,NULL,NULL,NULL,NULL,NULL,NULL,NULL,NULL,NULL,NULL,NULL,NULL),
	(661,661,'Denny Key',NULL,NULL,NULL,NULL,NULL,NULL,NULL,NULL,NULL,NULL,NULL,NULL,NULL,NULL),
	(662,662,'Dimas Anugerah Wicaksono',NULL,NULL,NULL,NULL,NULL,NULL,NULL,NULL,NULL,NULL,NULL,NULL,NULL,NULL),
	(663,663,'Eko Yanuarianto',NULL,NULL,NULL,NULL,NULL,NULL,NULL,NULL,NULL,NULL,NULL,NULL,NULL,NULL),
	(664,664,'Irayani Queencyputri',NULL,NULL,NULL,NULL,NULL,NULL,NULL,NULL,NULL,NULL,NULL,NULL,NULL,NULL),
	(665,665,'Fauzan Alfi',NULL,NULL,NULL,NULL,NULL,NULL,NULL,NULL,NULL,NULL,NULL,NULL,NULL,NULL),
	(666,666,'Rizki Dwi Kelimutu',NULL,NULL,NULL,NULL,NULL,NULL,NULL,NULL,NULL,NULL,NULL,NULL,NULL,NULL),
	(667,667,'Muhammad Fadhil',NULL,NULL,NULL,NULL,NULL,NULL,NULL,NULL,NULL,NULL,NULL,NULL,NULL,NULL),
	(668,668,'Arief Bayu Purwanto',NULL,NULL,NULL,NULL,NULL,NULL,NULL,NULL,NULL,NULL,NULL,NULL,NULL,NULL),
	(669,669,'Bagus Restya',NULL,NULL,NULL,NULL,NULL,NULL,NULL,NULL,NULL,NULL,NULL,NULL,NULL,NULL),
	(670,670,'Gede Arka Puniatmaja',NULL,NULL,NULL,NULL,NULL,NULL,NULL,NULL,NULL,NULL,NULL,NULL,NULL,NULL),
	(671,671,'Agung Erwan Setyobudi',NULL,NULL,NULL,NULL,NULL,NULL,NULL,NULL,NULL,NULL,NULL,NULL,NULL,NULL),
	(672,672,'Adria M. Kosasih','Animator','MNC TV',NULL,NULL,NULL,NULL,NULL,NULL,NULL,NULL,NULL,NULL,NULL,NULL),
	(673,673,'Benny Fajarai',NULL,NULL,NULL,NULL,NULL,NULL,NULL,NULL,NULL,NULL,NULL,NULL,NULL,NULL),
	(674,674,'Wahyu Liz',NULL,NULL,NULL,NULL,NULL,NULL,NULL,NULL,NULL,NULL,NULL,NULL,NULL,NULL),
	(675,675,'Adhicipta R. Wirawan',NULL,NULL,NULL,NULL,NULL,NULL,NULL,NULL,NULL,NULL,NULL,NULL,NULL,NULL);

/*!40000 ALTER TABLE `user_profiles` ENABLE KEYS */;
UNLOCK TABLES;


# Dump of table user_role
# ------------------------------------------------------------

LOCK TABLES `user_role` WRITE;
/*!40000 ALTER TABLE `user_role` DISABLE KEYS */;

INSERT INTO `user_role` (`user_id`, `role_id`)
VALUES
	(1,1),
	(2,4),
	(3,4),
	(4,4),
	(5,4),
	(6,4),
	(7,4),
	(8,4),
	(9,4),
	(10,4),
	(11,4),
	(12,4),
	(13,4),
	(14,4),
	(15,4),
	(16,4),
	(17,4),
	(18,4),
	(19,4),
	(20,4),
	(21,4),
	(22,4),
	(23,4),
	(24,4),
	(25,4),
	(26,4),
	(27,4),
	(28,4),
	(29,4),
	(30,4),
	(31,4),
	(32,4),
	(33,4),
	(34,4),
	(35,4),
	(36,4),
	(37,4),
	(38,4),
	(39,4),
	(40,4),
	(41,4),
	(42,4),
	(43,4),
	(44,4),
	(45,4),
	(46,4),
	(47,4),
	(48,4),
	(49,4),
	(50,4),
	(51,4),
	(52,4),
	(53,4),
	(54,4),
	(55,4),
	(56,4),
	(57,4),
	(58,4),
	(59,4),
	(60,4),
	(61,4),
	(62,4),
	(63,4),
	(64,4),
	(65,4),
	(66,4),
	(67,4),
	(68,4),
	(69,4),
	(70,4),
	(71,4),
	(72,4),
	(73,4),
	(74,4),
	(75,4),
	(76,4),
	(77,4),
	(78,4),
	(79,4),
	(80,4),
	(81,4),
	(82,4),
	(83,4),
	(84,4),
	(85,4),
	(86,4),
	(87,4),
	(88,4),
	(89,4),
	(90,4),
	(91,4),
	(92,4),
	(93,4),
	(94,4),
	(95,4),
	(96,4),
	(97,4),
	(98,4),
	(99,4),
	(100,4),
	(101,4),
	(102,4),
	(103,4),
	(104,4),
	(105,4),
	(106,4),
	(107,4),
	(108,4),
	(109,4),
	(110,4),
	(111,4),
	(112,4),
	(113,4),
	(114,4),
	(115,4),
	(116,4),
	(117,4),
	(118,4),
	(119,4),
	(120,4),
	(121,4),
	(122,4),
	(123,4),
	(124,4),
	(125,4),
	(126,4),
	(127,4),
	(128,4),
	(129,4),
	(130,4),
	(131,4),
	(132,4),
	(133,4),
	(134,4),
	(135,4),
	(136,4),
	(137,4),
	(138,4),
	(139,4),
	(140,4),
	(141,4),
	(142,4),
	(143,4),
	(144,4),
	(145,4),
	(146,4),
	(147,4),
	(148,4),
	(149,4),
	(150,4),
	(151,4),
	(152,4),
	(153,4),
	(154,4),
	(155,4),
	(156,4),
	(157,4),
	(158,4),
	(159,4),
	(160,4),
	(161,4),
	(162,4),
	(163,4),
	(164,4),
	(165,4),
	(166,4),
	(167,4),
	(168,4),
	(169,4),
	(170,4),
	(171,4),
	(172,4),
	(173,4),
	(174,4),
	(175,4),
	(176,4),
	(177,4),
	(178,4),
	(179,4),
	(180,4),
	(181,4),
	(182,4),
	(183,4),
	(184,4),
	(185,4),
	(186,4),
	(187,4),
	(188,4),
	(189,4),
	(190,4),
	(191,4),
	(192,4),
	(193,4),
	(194,4),
	(195,4),
	(196,4),
	(197,4),
	(198,4),
	(199,4),
	(200,4),
	(201,4),
	(202,4),
	(203,4),
	(204,4),
	(205,4),
	(206,4),
	(207,4),
	(208,4),
	(209,4),
	(210,4),
	(211,4),
	(212,4),
	(213,4),
	(214,4),
	(215,4),
	(216,4),
	(217,4),
	(218,4),
	(219,4),
	(220,4),
	(221,4),
	(222,4),
	(223,4),
	(224,4),
	(225,4),
	(226,4),
	(227,4),
	(228,4),
	(229,4),
	(230,4),
	(231,4),
	(232,4),
	(233,4),
	(234,4),
	(235,4),
	(236,4),
	(237,4),
	(238,4),
	(239,4),
	(240,4),
	(241,4),
	(242,4),
	(243,4),
	(244,4),
	(245,4),
	(246,4),
	(247,4),
	(248,4),
	(249,4),
	(250,4),
	(251,4),
	(252,4),
	(253,4),
	(254,4),
	(255,4),
	(256,4),
	(257,4),
	(258,4),
	(259,4),
	(260,4),
	(261,4),
	(262,4),
	(263,4),
	(264,4),
	(265,4),
	(266,4),
	(267,4),
	(268,4),
	(269,4),
	(270,4),
	(271,4),
	(272,4),
	(273,4),
	(274,4),
	(275,4),
	(276,4),
	(277,4),
	(278,4),
	(279,4),
	(280,4),
	(281,4),
	(282,4),
	(283,4),
	(284,4),
	(285,4),
	(286,4),
	(287,4),
	(288,4),
	(289,4),
	(290,4),
	(291,4),
	(292,4),
	(293,4),
	(294,4),
	(295,4),
	(296,4),
	(297,4),
	(298,4),
	(299,4),
	(300,4),
	(301,4),
	(302,4),
	(303,4),
	(304,4),
	(305,4),
	(306,4),
	(307,4),
	(308,4),
	(309,4),
	(310,4),
	(311,4),
	(312,4),
	(313,4),
	(314,4),
	(315,4),
	(316,4),
	(317,4),
	(318,4),
	(319,4),
	(320,4),
	(321,4),
	(322,4),
	(323,4),
	(324,4),
	(325,4),
	(326,4),
	(327,4),
	(328,4),
	(329,4),
	(330,4),
	(331,4),
	(332,4),
	(333,4),
	(334,4),
	(335,4),
	(336,4),
	(337,4),
	(338,4),
	(339,4),
	(340,4),
	(341,4),
	(342,4),
	(343,4),
	(344,4),
	(345,4),
	(346,4),
	(347,4),
	(348,4),
	(349,4),
	(350,4),
	(351,4),
	(352,4),
	(353,4),
	(354,4),
	(355,4),
	(356,4),
	(357,4),
	(358,4),
	(359,4),
	(360,4),
	(361,4),
	(362,4),
	(363,4),
	(364,4),
	(365,4),
	(366,4),
	(367,4),
	(368,4),
	(369,4),
	(370,4),
	(371,4),
	(372,4),
	(373,4),
	(374,4),
	(375,4),
	(376,4),
	(377,4),
	(378,4),
	(379,4),
	(380,4),
	(381,4),
	(382,4),
	(383,4),
	(384,4),
	(385,4),
	(386,4),
	(387,4),
	(388,4),
	(389,4),
	(390,4),
	(391,4),
	(392,4),
	(393,4),
	(394,4),
	(395,4),
	(396,4),
	(397,4),
	(398,4),
	(399,4),
	(400,4),
	(401,4),
	(402,4),
	(403,4),
	(404,4),
	(405,4),
	(406,4),
	(407,4),
	(408,4),
	(409,4),
	(410,4),
	(411,4),
	(412,4),
	(413,4),
	(414,4),
	(415,4),
	(416,4),
	(417,4),
	(418,4),
	(419,4),
	(420,4),
	(421,4),
	(422,4),
	(423,4),
	(424,4),
	(425,4),
	(426,4),
	(427,4),
	(428,4),
	(429,4),
	(430,4),
	(431,4),
	(432,4),
	(433,4),
	(434,4),
	(435,4),
	(436,4),
	(437,4),
	(438,4),
	(439,4),
	(440,4),
	(441,4),
	(442,4),
	(443,4),
	(444,4),
	(445,4),
	(446,4),
	(447,4),
	(448,4),
	(449,4),
	(450,4),
	(451,4),
	(452,4),
	(453,4),
	(454,4),
	(455,4),
	(456,4),
	(457,4),
	(458,4),
	(459,4),
	(460,4),
	(461,4),
	(462,4),
	(463,4),
	(464,4),
	(465,4),
	(466,4),
	(467,4),
	(468,4),
	(469,4),
	(470,4),
	(471,4),
	(472,4),
	(473,4),
	(474,4),
	(475,4),
	(476,4),
	(477,4),
	(478,4),
	(479,4),
	(480,4),
	(481,4),
	(482,4),
	(483,4),
	(484,4),
	(485,4),
	(486,4),
	(487,4),
	(488,4),
	(489,4),
	(490,4),
	(491,4),
	(492,4),
	(493,4),
	(494,4),
	(495,4),
	(496,4),
	(497,4),
	(498,4),
	(499,4),
	(500,4),
	(501,4),
	(502,4),
	(503,4),
	(504,4),
	(505,4),
	(506,4),
	(507,4),
	(508,4),
	(509,4),
	(510,4),
	(511,4),
	(512,4),
	(513,4),
	(514,4),
	(515,4),
	(516,4),
	(517,4),
	(518,4),
	(519,4),
	(520,4),
	(521,4),
	(522,4),
	(523,4),
	(524,4),
	(525,4),
	(526,4),
	(527,4),
	(528,4),
	(529,4),
	(530,4),
	(531,4),
	(532,4),
	(533,4),
	(534,4),
	(535,4),
	(536,4),
	(537,4),
	(538,4),
	(539,4),
	(540,4),
	(541,4),
	(542,4),
	(543,4),
	(544,4),
	(545,4),
	(546,4),
	(547,4),
	(548,4),
	(549,4),
	(550,4),
	(551,4),
	(552,4),
	(553,4),
	(554,4),
	(555,4),
	(556,4),
	(557,4),
	(558,4),
	(559,4),
	(560,4),
	(561,4),
	(562,4),
	(563,4),
	(564,4),
	(565,4),
	(566,4),
	(567,4),
	(568,4),
	(569,4),
	(570,4),
	(571,4),
	(572,4),
	(573,4),
	(574,4),
	(575,4),
	(576,4),
	(577,4),
	(578,4),
	(579,4),
	(580,4),
	(581,4),
	(582,4),
	(583,4),
	(584,4),
	(585,4),
	(586,4),
	(587,4),
	(588,4),
	(589,4),
	(590,4),
	(591,4),
	(592,4),
	(593,4),
	(594,4),
	(595,4),
	(596,4),
	(597,4),
	(598,4),
	(599,4),
	(600,4),
	(601,4),
	(602,4),
	(603,4),
	(604,4),
	(605,4),
	(606,4),
	(607,4),
	(608,4),
	(609,4),
	(610,4),
	(611,4),
	(612,4),
	(613,4),
	(614,4),
	(615,4),
	(616,4),
	(617,4),
	(618,4),
	(619,4),
	(620,4),
	(621,4),
	(622,4),
	(623,4),
	(624,4),
	(625,4),
	(626,4),
	(627,4),
	(628,4),
	(629,4),
	(630,4),
	(631,4),
	(632,4),
	(633,4),
	(634,4),
	(635,4),
	(636,4),
	(637,4),
	(638,4),
	(639,4),
	(640,4),
	(641,4),
	(642,4),
	(643,4),
	(644,4),
	(645,4),
	(646,4),
	(647,4),
	(648,4),
	(649,4);

/*!40000 ALTER TABLE `user_role` ENABLE KEYS */;
UNLOCK TABLES;


# Dump of table users
# ------------------------------------------------------------

LOCK TABLES `users` WRITE;
/*!40000 ALTER TABLE `users` DISABLE KEYS */;

INSERT INTO `users` (`id`, `username`, `password`, `email`, `is_active`)
VALUES
	(1,'okta.rahadian','$2y$13$9XB72jRHM04MEmHkfFQEbus2A07YhbFL3xn45XoB54hPa6tUIIcuK','okta.rahadian@hotmail.com',1),
	(2,'37841134071','$2y$13$eJMBWQ/P.LJTFYBVXU9TJeLOlkz4YBRjiPATZ2p1nvZVr8Aq9bOkC','37841134071@smktelkom-mlg.sch.id\r37901140071',1),
	(3,'37901140071','$2y$13$2BIgLzik3xU4snJxWhZD7OersebFML3AoBHhiwntNKmanqtEWQz4u','37901140071@smktelkom-mlg.sch.id',1),
	(4,'37911141071','$2y$13$KCDQGAhpXdWjQ0rueEzzO.8LzQMNbb55U5pcOw0YeGcklnTUZlfoG','37911141071@smktelkom-mlg.sch.id',1),
	(5,'37921142071','$2y$13$oo22gJLDZLYjOWyH7uT4FOxcnYKMsgXkpmYRXabX.vrk2le19y4Im','37921142071@smktelkom-mlg.sch.id',1),
	(6,'37931143071','$2y$13$qCUH7UVZierG3ecZn2ty1.jOwDPMAIn2D5oYBjbvxOabLJ7P9p8zW','37931143071@smktelkom-mlg.sch.id',1),
	(7,'37941144071','$2y$13$FeV/D/DmlAoB9ni3m/k1n.JTHEnWmLWZVNztt5SqbiHOiejDzPrfC','',0),
	(8,'37961146071','$2y$13$L3GbSQYVSyRtXl/if0RDBeLP/5sQgg321HE6bE3x691rV8vuldQOK','',0),
	(9,'37971147071','$2y$13$2LRLwrvt0WXs97O.Tx/znOmlEMelSsZmcuD60NZDUG2.wC6wwGvKa','',0),
	(10,'38051155071','$2y$13$uBXoldfmmXwOolclRTeE4OMCIT87WvJyU3wRUIyKw233PF7P8HEvW','',0),
	(11,'38181168071','$2y$13$itO.92RiHtL0LBLqpEj3J.hVTn.Sy1XxoFOSVyacyN4q/qrZ0L5By','',0),
	(12,'38231173071','$2y$13$1o4TSC3CMfDkt1eKHy9VJONllY.cShcCEBuuQ5uiMEiciMOn7vmnq','',0),
	(13,'38351185071','$2y$13$5YuJHW7kmHEMptwoiIY41u8kUMeIodK1F6FbQp7q4AxKdC9R3fVOu','',0),
	(14,'38471197071','$2y$13$HfH5p8tu.hi7I/GlN5y.ZOEJdtOgDDMpCAprZKAQ.sZe0hj0GBctq','',0),
	(15,'38481198071','$2y$13$t1gCgTk53oESjJup0nOt3Oe7vWZnq3wnTR0NPQI590WFrcxBTKx3i','',0),
	(16,'38571207071','$2y$13$T39/FGQfYxugtFpcYHAjquN7Tc326Pi6TG4BRa2H5b7K5KzOl/Pci','',0),
	(17,'38581208071','$2y$13$v7RgNMAsCidJ9KibPLTuQuDmPBHx5oTnlLPcCyjJsZitbGiTd1oae','',0),
	(18,'38611211071','$2y$13$Qd8FFAWGcVKZcjMDfpz2ou9spf1iC/xopB7EijBi0aM7w.kW5mkGO','',0),
	(19,'38681218071','$2y$13$z4WzJOv8omUtu4xL3QNG4eEmdmo0IQIln.8spk1IxLMgHI7ybK/QC','',0),
	(20,'38721222071','$2y$13$VfKLCPnqNhPbOIYy92kSLuGUUuU6E5oVbJ22aYxPVCjVE57pS.F9K','',0),
	(21,'38761226071','$2y$13$k3eh7eoY1Fij54iYCwGh3er8tf0v3bYNaS9gHNQkpdg/Zeyod3/RW','',0),
	(22,'38801230071','$2y$13$YvnlXyLnII8Jo0bEDzcKXejnl.KL4mVF2AA08j60I1Y6CHxv7w29C','',0),
	(23,'38831233071','$2y$13$dWGbM51kxhuuzIwWTqV5YuhUcm9J3EsEnVE/4LkVjPMlTt8o9iJVe','',0),
	(24,'38911241071','$2y$13$zmoCZMiip4WxQFHe4lLb1OhK/0pYQQ3M.CXeGD2Hd4BUaMqFR946C','',0),
	(25,'38941244071','$2y$13$xYm1UXoDrLfMyXtSyPy2b.AgQ5aftugqwx1X.CkJgwxYHTxBr.9ZO','',0),
	(26,'38951245071','$2y$13$vh48h7CxQ/YT1yzmogRte.M733d5pm/0cDnaFmXcMHu1sjZfo9Xcm','',0),
	(27,'38971247071','$2y$13$u8w0Y/j/Oxx3f.gWRITjJe59Zg8CdXGbPFd.5eoHZLwRWmbAG3k.W','',0),
	(28,'39001250071','$2y$13$WznHwnSc9kBfQK0THd70a.pHh3mOczrFsx.rJXKUhB8CJp4S6zP2O','',0),
	(29,'39021252071','$2y$13$J.tB0MObHTXAo9lWENmXXOB0Pt.ttBE8fLk0.Lj7.vDHjbtkNygey','',0),
	(30,'39041254071','$2y$13$n22QGlc/l1PlfO/6zaU88.eSgZhSB6q734lxExrdCEFXP/u.CxDaC','',0),
	(31,'39081258071','$2y$13$kHwqpyMAxd5dNnPTTOwSteKdwRRRrExJ/Kx/ZPSJcHu0n4UGZSygO','',0),
	(32,'39161266071','$2y$13$5Nnp3TkLeFBlxE8lClp7sOw1KPyAu0ZXZHx/9g7tWLiwZrNOU0PXG','',0),
	(33,'39171267071','$2y$13$nf6O.2pWPiBgLYKCZzVJjOPowEcNI4xDavHk0XUXNjjg8SPzE1GXK','',0),
	(34,'39181268071','$2y$13$nJ3UWxjVdiCYYQrZ/uOKS.iZOdJwAM73zOv9WeHYqd3XiUqBB8Dai','',0),
	(35,'39201270071','$2y$13$tkps6VZyLnnInfyu4Lkbz.URqzxQpfnAFivCT7B.POmu48f7MXY8S','',0),
	(36,'39241274071','$2y$13$Sx50Gn9wLqJKaYgVoZJNz.FVKE89xw7mWM6d3Pn3Gv6wQtUiQupR2','',0),
	(37,'39251275071','$2y$13$gzJNnkml7vV0Oev5DODU4OTPmbqexB4dc5h/B8w8NFJiRwuH.4K1C','',0),
	(38,'39271277071','$2y$13$z7Rx.AWkzrbMqukI0pOW.uh/bWF64n4WhNTHasm953CCU2Qf0LsAC','',0),
	(39,'39291279071','$2y$13$WCcQozQlQ3pn8hdtlLCZKewer1FS6Df.68sPxplZhAUQ8qeDiYwWS','',0),
	(40,'39381288071','$2y$13$b0uYl6RE1CyGvTPWpAUvwetAQm5D1TLrPb8CMzg1Lv0/iXuDgMcd2','',0),
	(41,'39391289071','$2y$13$P2VXbxJr7XUk5DBOnwgHPuS7iwIkBHWCLWcZ8/ttMg1hU9s.Vtay6','',0),
	(42,'39401290071','$2y$13$5sPkZh4bb2bUTzUF4iwqSuFfesA2pN3IwfKAyi4ScyllHMRmYVCYe','',0),
	(43,'37781128071','$2y$13$JOx2l2ZLAE8reenBVUsQf.3OnXIERpOOo8M75f81.XSVhcQTn3hUO','',0),
	(44,'37801130071','$2y$13$j8XmbeqOL4cOMjMwjzv2Z.jh/XAEibEODwjOc8AU7eG8S770BXCmm','',0),
	(45,'37851135071','$2y$13$WizWARi1hJIMXXPrmPHrBOSuTRli0uutNodjJMNhMkibF37L0sZji','',0),
	(46,'37881138071','$2y$13$rBkobpcoFUMKCu0Hn1E58eusghkYGSARs9CQ21A.lIQ0GvPgg8sZ2','',0),
	(47,'37891139071','$2y$13$IzQJBOGHY5FIA.ZghPd4XOySoQ8e744MscmEKn964pfVY4XujesOy','',0),
	(48,'37951145071','$2y$13$4nBCBLD/H9ukoScgVaV9Med50t5pY.meuidjKozsngU4PzixXl2Vu','',0),
	(49,'38001150071','$2y$13$NGFHyI0qkaRok.qgWcBbrOOUtuH7TrmszEfVvb1OFyYhEwtJryKCW','',0),
	(50,'38021152071','$2y$13$m12DHDaZopPc3MTDN1GLq.H3tNZ9F5G.ILRUequ2xrAOVTPb2b/RW','',0),
	(51,'38071157071','$2y$13$jrzCpvRvobRiq0PJmb0glOJqFN/IQXRaUENRFmkHgK2iJHs4krUZu','',0),
	(52,'38081158071','$2y$13$QoHD7.U8hmB38dQi.Nx2Fu3DTH7RHur..Og/83umON2soWxwYZGES','',0),
	(53,'38121162071','$2y$13$V4Jy83OJLFnOS9gZbhiTcO9Bdow9T7gmuVuKC7XFZcAH5s3AQy0da','',0),
	(54,'38141164071','$2y$13$b8hwMp49/Naueg5VbcBymOeZnPAk/fMrWxq6JpnUQatMdjgwATvM.','',0),
	(55,'38191169071','$2y$13$g/M5/l3p6cfbdmDbN3hmBuwaWaaUVIGI7ojzW/Q5xfbCc5lMtwk5q','',0),
	(56,'38201170071','$2y$13$zkvbYlcmNLxVx6.SPtb68OxWBrqd1zuNKs4NJGkGKfT3ph4CdU4J2','',0),
	(57,'38221172071','$2y$13$HOjR0UXQxGE18rzZILAfOOtm4C71krTstL/XK4GO1BTEHCAIbWH9y','',0),
	(58,'38321182071','$2y$13$WxkAzoxDd04ROlWfzjd84e3pxyp8lQ2ww0D72yocbKOacR2x2RQeq','',0),
	(59,'38341184071','$2y$13$DXIgYZTTXZ37Puw3tr3dtOCmlsemYngTWeFH6md1y5XPZl9AFnQYO','',0),
	(60,'38361186071','$2y$13$iQA6WVvus4lDTmAwH.X8AeEhFA8G1PVgUfEcktnZzEJMuzI33isJG','',0),
	(61,'38371187071','$2y$13$sqiIc.g4APbxWECzLXuAGu5KvYwY.42jWAlgSOcR.7YlqugCoxcFa','',0),
	(62,'38491199071','$2y$13$JL3WwIAbzaVmbKJuThUm7Og8PKoYjFr1SqV3pZjZol.ZYyaZ3oNvO','',0),
	(63,'38561206071','$2y$13$j6hDNlx624NKJSVCx6wK/uMzLkVyVNd7FuY7Na/Iu4ahk5EN0wBMW','',0),
	(64,'38601210071','$2y$13$bZ.x1sa6tEylKuYi3AIKyOfmQsiK.YgGpj3Mi4HZp1CG8nw1pYcPC','',0),
	(65,'38631213071','$2y$13$XiTqFyhAxXU7ByrI2vfGUOqgYaR1NN.rmtZhuujzr0mhoRSY6639G','',0),
	(66,'38651215071','$2y$13$Q0HZh6f7KEhwqXyDNbqsl./c9NylKuz935BsyevTeobMdcBa1rWz.','',0),
	(67,'38821232071','$2y$13$jliteymDLYglq3TVLSa28etaYZGKrbMguEnZQIFfQ.UcGMfo5yi8m','',0),
	(68,'38861236071','$2y$13$/X0awh1jejavyfBO2QEese6vOanUZlUMLb.KK7lTgAr4sQ.IeLulW','',0),
	(69,'38871237071','$2y$13$ujo3tMfbbY0/6SNCrLfKee4LoqyK21gsj1ufxhoh7k6aqN7cxhb3m','',0),
	(70,'38881238071','$2y$13$aB4vLP6JLENascSgYuyV7.U63HGR9QeGIv7APDTv2wJp6En8s..De','',0),
	(71,'38931243071','$2y$13$Nk0XsUG26i2yMULuriy8duok9/QycwxFSYsSJs/zKGN808KjpgK6K','',0),
	(72,'39031253071','$2y$13$UGvypv2mBHSF87htygmdY.FcHvmhAFdflq8m2kpBzOKI8j3.AV3Mq','',0),
	(73,'39051255071','$2y$13$f2ChVXmP5mKdPgPo8wcQxu6vuppeIwfVCKN61qXPl24HMpZx9ztny','',0),
	(74,'39071257071','$2y$13$nPLDj3WZZuPgWv4U.mSGQuEU6jiWwgGO86e9hisFJ3TKjuLsf.Jr6','',0),
	(75,'39111261071','$2y$13$InOaPUAoXSedL6TJ5FC4iOariWT3gX4IrbuXpeQOWB5Wau9B42M86','',0),
	(76,'39121262071','$2y$13$rTwAe7sgxBP4FYtdFzPHUOpYgn8IcqRkSwVIJNvzjeZDy9muxZVWi','',0),
	(77,'39151265071','$2y$13$FSv0G2XwdNKFisljDSVT..C.9VDhdfjgCFERffLJm6lFKfk3gQFqq','',0),
	(78,'39211271071','$2y$13$WLpQUFrSzFUcGzfwe.NKH.HUvXeJ9mX.AAHmnsx1OERshQ.Tp/b7e','',0),
	(79,'39301280071','$2y$13$vBV42dAFZNhCHVPX.BF.RuVnpioD98HSmrCWVWLCR7dP2U8.1adYW','',0),
	(80,'39321282071','$2y$13$wGgpKZ1HgulbItoYuHzyRObTJXnGjBTVJ7qTgv7NYl9GArYckh8w.','',0),
	(81,'39361286071','$2y$13$vyZGfn9/h50K3h1Xak8XnuUG8demLFJrwGwS77dZoGjyW5Ydc9NWS','',0),
	(82,'39371287071','$2y$13$mQggmaaDjzzno1iFEC/BaejVANHLrkTPFImaVdqL/OXlqipUFQMnq','',0),
	(83,'39421292071','$2y$13$7RHgjXLCEalmFixG75amMeExEKCdtw7iRdK3O88WZeweD4ajtMnn6','',0),
	(84,'37791129071','$2y$13$5aJL86Qzxm1IR6VCmRZjTeWwDZbPJ717kqHlhnvzB8YCtFV2jqXVK','',0),
	(85,'37821132071','$2y$13$Qi/g2NbqhDgETy1d1BxJXOiogMElHzbXzD06yq6HwlUJ6jt.9HZna','',0),
	(86,'37831133071','$2y$13$7ozdSENz/WoFGwuYOSuF2evr3urvztSbRJitRms3rzyWStW7iE7Ji','',0),
	(87,'37871137071','$2y$13$RcY0Rl4PCQsqx9X3CAv3setjkLSTV6/zjPwZuZkB22pKZArpI330K','',0),
	(88,'37981148071','$2y$13$hLfE6HcSj3xL8Di4jxNJWOZM604dlQ4GohbJe/3sEd2bM8CQy6rDW','',0),
	(89,'38091159071','$2y$13$CQBuU.AROPdiI7XOhE/un.BqQLibrGDLgp6sejamYbLAYDSjZK67a','',0),
	(90,'38111161071','$2y$13$EbXmuXKAfmUqW1YJ/MyUWOr7ASIIurZIVM9oXuVmHHVPrsUwcWfMm','',0),
	(91,'38151165071','$2y$13$DMzgjybBkaQSdRd0cZzYPuc4G3nPqGod4P2i1Uk5fkmj/07ynPSmu','',0),
	(92,'38171167071','$2y$13$kAebTyKP3Epk3ec0db82RuR9lOwo7M9.JuPvTH1WJglgEq0Y6C62q','',0),
	(93,'38211171071','$2y$13$bbt5aq4ZR1zg1/PNlk9jvem3u.h35HFAzanpPN0o4Skd1QKvenopa','',0),
	(94,'38261176071','$2y$13$DxXGTifuaYpN9/DaSVL/uer4ZM.88lYEZ/6hwYJ.udhJ3Bgr7qVEG','',0),
	(95,'38271177071','$2y$13$R.vglJ56KZXutk5.YSvAU.JSw3ovr0BWqMC3wX1wr76t8/Pv0GpVu','',0),
	(96,'38281178071','$2y$13$gl8WQ1tmhTReoWOVnNqBQ.U7U0Iym87EpnQ/s3QUMry.b8IRlM4o6','',0),
	(97,'38291179071','$2y$13$0LEG5SEHp4aiRuHGM4CQhuHf.Q7F3Gvc9KAE0NsstWwdmgQQYjnJ6','',0),
	(98,'38301180071','$2y$13$xNlIKMonmnbSg37EwW7.beejwS4y0QjbGqXDQZFm5jskgYtgRM/Jm','',0),
	(99,'38331183071','$2y$13$790PWADg8lLSaXC4qKHGIu8KfxV55Uphi1Qz0B2URhQ4qgs1Ad3Hy','',0),
	(100,'38381188071','$2y$13$4gxu89nNZykLI/2iGkQvEuPl9bi15RQ9AHOdTPRIJtWGIKHM55.va','',0),
	(101,'38391189071','$2y$13$672nF8ZzcUzEUFc705xi8ekIUSZrSaWtthxXl68mTITkRgwDtLy12','',0),
	(102,'38401190071','$2y$13$c4xqqgJN4a9wPJBFiXPFSuWP.agtSLTfjS44ytXWJPZDZ.kUYhkQS','',0),
	(103,'38441194071','$2y$13$aLDU5wuWax5LbwuSh3RPCOlllay6lOim9uiORHaK6rjxf4zpDWH/m','',0),
	(104,'38521202071','$2y$13$peRyebv1WRV/E1wHN.G5lOX4tYZFLvoOTNtOLhbTxMbyWzZTyKg1i','',0),
	(105,'38541204071','$2y$13$Hsi7tB1K3qijferaOcgIke/bmRG3QjuxVQJWmyk/c35Md/a/KaaCG','',0),
	(106,'38551205071','$2y$13$VzIlotDM45XODBCrypGCEOPnassmlpgkb50mOAA7yYNHSUnfDm6pq','',0),
	(107,'38591209071','$2y$13$qgs02Xx1dI4p4FMlndk.2.6SOdDC56FZo8Y3g/jAeLc8IJsuuPKAO','',0),
	(108,'38641214071','$2y$13$BDxObQRqfBtFydyDyVEoZ.u.vmwa05J63fbCd9W3BOlrt228xAkcW','',0),
	(109,'38701220071','$2y$13$ntNEkaOaZf5UIjqZzBCdGuG9xgm1BEsIsjEt.suz2HW7IweLA5Ay6','',0),
	(110,'38741224071','$2y$13$sMjZOmEaurpwdduYxPL.Le7c22To.xkujZpSg36TV1B2ZXBnLMtvm','',0),
	(111,'38841234071','$2y$13$/DxLYUmce708JRbpZXDf4ektsjqLtVjoJfZYD4lvW.QehZB.SZl4C','',0),
	(112,'38851235071','$2y$13$rZonwUut4FCxf6kjsK7Qg.UWU.FNqsvhzbzhJcqvI9.jXM8MZIiVe','',0),
	(113,'38901240071','$2y$13$PQlFUiMtRAd76eqYDKHYS.GqzXuW3VvnJhqMIQdvtSJL9BA.9HDFi','',0),
	(114,'38921242071','$2y$13$D6UnDeHiPAsqwVxbdXCeR.YrNLO6iLEuuYGG5O9Aj9HmoakgS453u','',0),
	(115,'38961246071','$2y$13$OnzVzxh.q91cEWVxpLJXt./WQrUFxrYjgpkpkgzWLIE36CpgnskiK','',0),
	(116,'39011251071','$2y$13$F/Rja2.JXZ9KFrM0JVbqn.NN8.ss2UyxVcgbDlzsVzf8bApi7yTxm','',0),
	(117,'39091259071','$2y$13$wRYeWqgiJ0HMs.I.bdbpLuu5yBxUTq8YVGY71O9dFoYHIZtt9Sww6','',0),
	(118,'39141264071','$2y$13$y1/ind/y7hvRpDqWQxoMg.yucuyCwGQS/KT7GFcNa2fVZpRelpxWq','',0),
	(119,'39191269071','$2y$13$WULlLILCGi2Nr1Ceb6JWdO7D6vd4e3ek3I4Jb7zFjI/eh28w1T6iu','',0),
	(120,'39221272071','$2y$13$IJaAlNryPsCdxN.pFz.Em.yu2GF.nCvst7eAXZBCn3gBIMacdSqvm','',0),
	(121,'39261276071','$2y$13$AyYi5z6z2IBSafxA44eCsO59rTyYXVN4vGq9ZzLPvJAXBhPtHWqxS','',0),
	(122,'39281278071','$2y$13$FdMrv/AIc7/dpyE2xQob0enNJU3kgpdADXxbQ1jv3Tj1VE0YDhqtu','',0),
	(123,'39331283071','$2y$13$rnfzSdCxXtPojDb7U2.sBuEt.SewIECvhNepSh0BEmcXmUwsVcNEW','',0),
	(124,'39411291071','$2y$13$IgxueAoJxoXhvyruLlm9BesnmO2KAhjZSWTCFbGN/scAfV.rrX6va','',0),
	(125,'37811131071','$2y$13$LdGJD3XY1bdaa.3m87i.n.U8bNBhQz96EBHm.nb9AcbaZobhhaI1m','',0),
	(126,'37861136071','$2y$13$DBAA4Zvz41da1KZC8vS62eD129LUbIPonhy1d2uAXJh1mhBzMUlVm','',0),
	(127,'37991149071','$2y$13$vn6YRca1OnZS9JzU10sSs.haNOeFgjhz9t/BWXm4LwORzsjxLYXbq','',0),
	(128,'38011151071','$2y$13$dGHz.YS5AnRV26GMKR.Jeu0XfZVP57nqi87bpp6bCtcSfJtt4nqAq','',0),
	(129,'38031153071','$2y$13$iDnVNLyu9S8gVr/0Pz48t.p6Osh.SHkDu.MaYao2.Qd7WxX3lhmSu','',0),
	(130,'38041154071','$2y$13$9RaRMBZuXAGWC5L8hs8...CNd/yov31ANUO.nuX2mMeGv.sLfJFrC','',0),
	(131,'38061156071','$2y$13$rqzx7ZMuPElyNwyPp8MKpOplPtXpCWWTaU5JAi2rmym7NfqBIMwZK','',0),
	(132,'38101160071','$2y$13$1ocgu1KKs8NpNy9P2DdfyundJQ.TiR281bH6XsSALm1amDtwpPzd6','',0),
	(133,'38131163071','$2y$13$pZT9SekeELeVWIsickGUheqVmZYalX9/3EnzGSQEMarMVFHd18q7C','',0),
	(134,'38161166071','$2y$13$A4rliwZ.vsmIXiz5hBisu.igqu.mX5DHlnWKNNUu4ao/FbjNfaLcO','',0),
	(135,'38241174071','$2y$13$5pUAdnaVU/J8yNhx9PXYn.yYHG/eMespoLkEfEhPRSTMIRfUFu6hO','',0),
	(136,'38251175071','$2y$13$Kkb46ZVuvSn8MWrvm7mOcOl32AUk.gFTbEbO4GYLhOvmszYJvymim','',0),
	(137,'38311181071','$2y$13$4gF09LLZrjW6hzXcx/qcTO1e5gnC49.egKGwuLDAdRcrgnw36Ghsy','',0),
	(138,'38411191071','$2y$13$k1xLbNAjjg2Jinfh8kWlTe3hM88Tgp3PSCFhIkXMfL6BBuSWBzxk2','',0),
	(139,'38421192071','$2y$13$eHn68PTSWuis7zuDZo4hG.yia6p6l1jZqPlUzZk3o9XhoS218YzMi','',0),
	(140,'38431193071','$2y$13$kthmM3Q/AAk53IZiSVPTGeR73WqXBjO9TMuCs840Pbqzv9N/tNWsO','',0),
	(141,'38451195071','$2y$13$./ocyk7D/7tKoWFnFaBZC.gNNFxlvRwX7MfzD80eFyeac8nLog7J2','',0),
	(142,'38461196071','$2y$13$sdxaTMH1wi8D.HEfUsTP5eUlvSLJmpA97lAZKVQ.H7pW/4HSsGLU.','',0),
	(143,'38501200071','$2y$13$0fJW0Lm826dOJ7mf.wdIgeCfxRipBd.GKMMfRdUaluJqVKMsxP.3C','',0),
	(144,'38531203071','$2y$13$PNDdDgdPhBG3DWA.qJaPHeiNkao3hHXiGK54oernSgfOjU4S6AEdy','',0),
	(145,'38621212071','$2y$13$UloFAj8mYnn2F9lMN8S0zOCUE8OKR5.AIl.l02YvyV1zDYvZkh52K','',0),
	(146,'38661216071','$2y$13$.UefLLwEShukqMLwgXpsDurTIzpTDGRq3uXw/IP1IoW5ZP38r1QoW','',0),
	(147,'38671217071','$2y$13$a2x3BdfEqLlG19A9Vb56m.2wjlmlEgBGsAqArCsjGI.go30mlzdce','',0),
	(148,'38691219071','$2y$13$9TxkhIK5UKh2W5LrFiE18eBZXSjpbuyiZLsSmr3Gub0IiNNqWYi/S','',0),
	(149,'38711221071','$2y$13$CuFMA6FPFETo2fXUTZYXmuHbv.QE5KQVKvqaM9ixDnKXa.FHdwD1C','',0),
	(150,'38731223071','$2y$13$HJqyCG7qbhIXNHOYeIUceO3OIjEs49jKTyRhJWs4QX.LPRZVSKIxy','',0),
	(151,'38751225071','$2y$13$lZljPMxgRSqJKWDNawIXZeHKsHs8rUx624g/qWH1XjolEFgjFXGOG','',0),
	(152,'38771227071','$2y$13$2ng2YHHtO54BFUsfIawZPeylnKyXurbbN8melEyjJc8rXo5Qj7PLW','',0),
	(153,'38781228071','$2y$13$gHYSlmC7YRKeGyzxfPOQnubgnUjkL.1MEK18P2KUbomftmjoL7sOG','',0),
	(154,'38791229071','$2y$13$FVgUdJT3ACDKZ7YQEn.jhOlVncOMLBTYmV0dBGDs7oJjBZaNWM5MK','',0),
	(155,'38811231071','$2y$13$R6UG5lBsyP6AccOMvJi4JegRgHiUKi/t53zJi5QQRyFPadKPYxq.O','',0),
	(156,'38891239071','$2y$13$PAb0h8eVetluf6z3oQC2ROQ0lO.5UWuItqwYOuW7Hrr/ou6ByVzYK','',0),
	(157,'38981248071','$2y$13$T2NbY5d5XsEXrlRCvaFtxe/hA9iVUNrD03uhvbTbBGdldC8D6ojW2','',0),
	(158,'39061256071','$2y$13$9Q2SRwNBQmK6amOVAtJ8qegVkGcDM4SO6ughHw/ExTSN427b3RXsm','',0),
	(159,'39101260071','$2y$13$vcXHg1JiUfSK9cxKoljDKOspnzEAdnzWYeVNiAsAafor2fJGanvAm','',0),
	(160,'39131263071','$2y$13$8LxUCkNBTFZKjcxGmdy9kOPhG0p18iQIX.T3ygsleZoxmXA4MfQuq','',0),
	(161,'39231273071','$2y$13$3kdH.5DotFmHwXLjvGgJJe/qJpkdFZ7zd.QRUzLLAuA3s45TqEswm','',0),
	(162,'39311281071','$2y$13$2AHboonoLV99h1c4hefzFOzgN88Ougx6WlIa4E/cHZJFa4Wg/D0Rm','',0),
	(163,'39341284071','$2y$13$NVeudMrAGCdxeeI1RyPpV.YnXmB08lv9MptshbXrkQZlEseo2bEcS','',0),
	(164,'39351285071','$2y$13$yOJyT.dVf4RtqcmNmKSThuwtfnMWMxzUDcIj7B6LnFOsb2qhdk2tS','',0),
	(165,'39471002070','$2y$13$XxqzqAus7ZeGj/iqmSy60OJlB61SZJ0yTLHeUdry80s3JKQbsu4MS','',0),
	(166,'39491004070','$2y$13$5qRj/ZMkDt/T6YtvjwKW7.BgSWlUk9hkYRjXlGytSqfbCtYQ/u7YS','',0),
	(167,'39521007070','$2y$13$rGN9RmyppiGAZEs3hV/hh.Mmo8gKBvcJuXUfLBDh2SgT4vLmiEqyK','',0),
	(168,'39561011070','$2y$13$HehylUJ3M3vglRjiq7fANOQ6y2cjD2aEOJpXxKmYC4wjvGF24iRlq','',0),
	(169,'39631018070','$2y$13$VWnMW8ymCDfCDuKpjOfi8e00/iuJsrTD5tR9GEg5HKoMirH6HYL2O','',0),
	(170,'39651020070','$2y$13$tB6cmXVvBe8juBDPCsBYgeEhBhs6atf2KOglQ83lFtaZHVf.iKG.K','',0),
	(171,'39671022070','$2y$13$ZtPVJqp.8HWIhySI.ktq1erpGGjCYJvAbprQdU4fyQFkks6HrHscu','',0),
	(172,'39721027070','$2y$13$T3kit5UZZCfKexMPAa2HSetBk9YJJk/oKrNYZbRFPwmbWuWempkXu','',0),
	(173,'39741029070','$2y$13$Ep3AgEkM87FcNOBeLhNUX.BikRSK2Pa/1mEhFLY.0dHZ/25H7PVAi','',0),
	(174,'39781033070','$2y$13$djN88xWnw4ABkZZx/HD9tu7aSZGEe.Un.OhuFC8o39p0Aw12.u4zu','',0),
	(175,'39951050070','$2y$13$7ItIIZJHKEg9TdPZX2UxkOu2PLsTuKZHyY2ssVULphUMy4SQ2NoKu','',0),
	(176,'40051060070','$2y$13$AtyuRUnslL8dV6QHTTz6BeYuQnCsdn52Cyg32QE/k4mln4ozgFAuS','',0),
	(177,'40061061070','$2y$13$tQepvS1dpxzxji1QExSk2edrA71/M.ggok7SImRzhFal0N24tNTja','',0),
	(178,'40081063070','$2y$13$u81d0lWWBZkl.0yCJxFkt.0x2T25Ieu6GNfH3BcTpUFmmMsdHc51O','',0),
	(179,'40131068070','$2y$13$oop3E4I7IpIT8W3bMQ8MpOjcuV2DZ4/Y8pdXphQJXaWfjipt8lXR2','',0),
	(180,'40161071070','$2y$13$iQg8zxPMiBtLGi0fi3SjPeK0kUtAMmPW8TBqCqK262sr7sX7GL.yO','',0),
	(181,'40171072070','$2y$13$TOy6IJAcLsUURwf2rwQqYuIjNYpCBtCxD/Z6UaBgxYpNxJBWHe61S','',0),
	(182,'40181073070','$2y$13$nSNOE4702IoGvLtr7.eeg.FN8sWX6IbU4K3VtlxXonrndlndhsmkS','',0),
	(183,'40201075070','$2y$13$wfNJInuhIr6YaGPMxhbr1e8f14jvzSSOirFgP.TCPu/IouZfWnfFK','',0),
	(184,'40211076070','$2y$13$11hKM.X/.4GkxlJVwVpMc.se6KrDrZUCfxocS3EL30RM7j53KuAWi','',0),
	(185,'40251080070','$2y$13$UnI5WEwZMtzKUVDV7wYT8ufQ4Zfunx/ERBsP/CjYXSLFQsLiVPm82','',0),
	(186,'40281083070','$2y$13$s3neDjJnKabt0FHIBkSbCeUDUeoQr2Fr41LFSOljpHdLwJoTXllnK','',0),
	(187,'40291084070','$2y$13$3TTNRS3fEohJ7zkOu3nyN.xXbBvnQgsRPHqT9OyESFghV9ft.2bDy','',0),
	(188,'40301085070','$2y$13$xhFA7PGWKq2a5D11HwCBAeWwYPaWsq7.ao92RITkbuagYZhHcre2G','',0),
	(189,'40341089070','$2y$13$mcvGS8OkdBUlVzFTt.s.vuUEy5kOFUXEOXsS6rPOGmdRnYR.BPe3q','',0),
	(190,'40361091070','$2y$13$wuxqAHrhdUCMvnUbbDb8cOUG//HSLbE22bL86G6XhKrlUFNww45CC','',0),
	(191,'40371092070','$2y$13$Bv8XrT4xIRxd4WtNs7JOxOsZyCJvc1bthqE0X6L.OTOJ4fr4kAMq.','',0),
	(192,'40421097070','$2y$13$qXHGNl0nqd5zh9V1d8nYH.gWgFtND7NfeJgMYMhcMf96/fB0bohJy','',0),
	(193,'40511106070','$2y$13$XJSbtzgqkBMq5xEiAzlfduV1TQR8Dp0vYHJeolsHhpX1kBX6kfGdm','',0),
	(194,'40561111070','$2y$13$8.EWmbGVqGAYvU.E/sd3MuevIbpLlXzLgO.3UK.241aCMxibGqUba','',0),
	(195,'40581113070','$2y$13$XjJQX/BSptbcAaZiwFhVyOUyBo5Hf8ST0nN7ewvHupOencEVE68Ie','',0),
	(196,'40611116070','$2y$13$gcSpNkfYxn4x0QzVPoF0fO547Fj.YMqLctm1DaiVgNW3hCswVzuRa','',0),
	(197,'40621117070','$2y$13$XZvx5.S4kp29rasNinuN8.yptq0sOL6/DwisB8OeCHsz20LYUbcsS','',0),
	(198,'40651120070','$2y$13$x5ljpPFOLVSLJqbXw5hKPevJSzcS4GqjWmGBejggVmfe/EpnnU5Je','',0),
	(199,'40771132070','$2y$13$UGFN8HW5OhRChhBtzq3aUO.yCCdEaJoYw.DFp3Auo/Uz566GwRFtC','',0),
	(200,'40801135070','$2y$13$81Lyb.gz3HmIoep8uatRbuge.oS84eA.JO06EbtTaY9O1/nBb0Jlm','',0),
	(201,'40861141070','$2y$13$o/quq.ahkdib0D4ayI6bIuoQ3QpPwp/G6IIO9fgaW/nKMbC9NTNgO','',0),
	(202,'40881143070','$2y$13$rhqsBUuJqBYO5k47qDtRPuw0AyD6Fe/yDwjLBrV5NgG7CiriCdlFO','',0),
	(203,'40941149070','$2y$13$MxLN67.sogrG1mmssRUXre6orbTdJns2CYkHcu6WjCgJYM26iQDJm','',0),
	(204,'40991154070','$2y$13$b8D4MRG.IucGpfQ53o3ra.aZIe85rxVxeDYQc1B5.HPx/Sj4Tyxse','',0),
	(205,'41081163070','$2y$13$z5V0t1oYdeeC6WV2dISyMO3kVziwNdIQB30.FCcA/cZFIiIuBg5dK','',0),
	(206,'41091164070','$2y$13$zYnxPT9ULig9Qfb/YuazGO31jwSIb2P4hrIfxidUZWjFITwY3m5sy','',0),
	(207,'3943998070','$2y$13$4/OyiBSI0J8G4I1o5xKNLuA3Vj2cxlMvjiPNBLIekINTEeLf4GHN.','',0),
	(208,'39451000070','$2y$13$xmKZvuZfQs38tkN6YOeLIuwrCSDLFUFEDK3JL0csP2OlwaWYnZtxu','',0),
	(209,'39501005070','$2y$13$14wQKD5lJeXx.y6H5Cbva.7P02jRttEwlYUiCva.dXfOINtdNo/h.','',0),
	(210,'39511006070','$2y$13$a8QpK5.qjwU2gBoRRTMJ1OD8U1iOk1pXl.6A1QonWUJNtZ7l8cz7q','',0),
	(211,'39591014070','$2y$13$Bjhm0Yk.sTlQFyGFXms5XeQoFRw9E9nXQei5jxoH9os3YFlLIsPgy','',0),
	(212,'39761031070','$2y$13$iFb6KNOlsphEQ1Zm9NJQ1uSYSVCM3ApiCUDbK60T/qQ5TiiQCmM5O','',0),
	(213,'39811036070','$2y$13$WbeBXA6U0Adz5o355YYCveUoCy/sgVmoL0/IGMSPue/ZO2ML3RG5i','',0),
	(214,'39821037070','$2y$13$Xc1HB.qnPRlbKzPcMEOl7.307mhUfN9NdH/q3LLiX5b8j5sAn9Yla','',0),
	(215,'39921047070','$2y$13$EkqSJfL4JWdE.Bk.widpOOaR61gi.6rVZCFLfv6nGprEuVpXRSASi','',0),
	(216,'39931048070','$2y$13$0QheNJdkli7Ydbgs6jX6WuF5yYRicxdX0vIj70O7KXPCeSWOe0Wzi','',0),
	(217,'39961051070','$2y$13$d8iJVpjlZu7EQcccqEhs/udcZSZqirmHU4VcMnMqLJZDji5BNlF.K','',0),
	(218,'39971052070','$2y$13$V0XR59jI9NOVavyQRpWS2eZdAX1jiju2sZ18WYIv0wfuRpmxx6TtW','',0),
	(219,'39981053070','$2y$13$0WMmszaInH7UMlkxle58zOLbYFBaFgJn8MTXQLjsg3yOghI/RWv9i','',0),
	(220,'40001055070','$2y$13$AiDvwhQ1yUaNU0rKWBXQ3eKENDTBB/zirHqqmq0GgdQxG/rYv1yzu','',0),
	(221,'40101065070','$2y$13$TZS9BRV30K7nnk8L8aiL8Oq6IduntENPBDcHgs1kg4f0wAWtsAoDC','',0),
	(222,'40121067070','$2y$13$0wP67Cf6ZM0k72h7k9QKG.vFGCsSxETBCa5m2FoniOlwRNqqBQuzK','',0),
	(223,'40151070070','$2y$13$dzdJqr2tpe7zZlxpqniT3uettv/49IgFFna34CFNcCEjsXnq7sC/K','',0),
	(224,'40191074070','$2y$13$LMIXgZTQR/cdt/CIOvp1feBvT5DoQFjUq1/nPRxAlBhV8DymEoxNu','',0),
	(225,'40221077070','$2y$13$tpu9FksBE716e//2TB8bXuJMNQYyuIR4sTn9pYCMkuLWUzS7bAGd.','',0),
	(226,'40231078070','$2y$13$4zCdcjkmcCejxwNIme26u.jvZR1sTgniuWnCM5EhhuuBzniVaVSPy','',0),
	(227,'40311086070','$2y$13$9SyTk.ZmZa.BAJL3JpxLleEg/KCkdfIwpe2qvciZm.bbA9Fzw3Mq6','',0),
	(228,'40381093070','$2y$13$BynpeIq2uFCQK0/MXw.d9.j4Qfqlm6GBJbYTQd2djaHADWp9aNGxi','',0),
	(229,'40401095070','$2y$13$zdvu33OuqIku9vdZ6Uj7he2yUWldVPo6mO1bu3dKKtwmmsgqXmO5a','',0),
	(230,'40411096070','$2y$13$8v6BcFFtvHoC0InsJItPiOn.6X8SWEzrVATaj8MwtM43H.LhTXjSG','',0),
	(231,'40461101070','$2y$13$8FACXm9DzeWxsepIlK2DU.dHC160UCwOQTIjnAxTX7A5LmzKYL6sy','',0),
	(232,'40471102070','$2y$13$0ICaXKcwiDKb2M641WOOXOYJeZTqB5aP58bP88V5VjKBC52CXRATy','',0),
	(233,'40481103070','$2y$13$gWjaIBcdrW7IdDD9DMM3iuruy3VBE7yB77Z3GmoObzZQ5VsmZbVIG','',0),
	(234,'40521107070','$2y$13$qUT88125kY4jN7VwkJZw2eX768Ftk9mCyROAIqjmGTH3iGxY.o1vS','',0),
	(235,'40551110070','$2y$13$Bb9W.8J/XM9L/w6TjAeFsusvPHy0RBqDwDdjtc7ccOsnXTo/G2ILu','',0),
	(236,'40571112070','$2y$13$KolJbuCbh80bKuALXsRY5u6Pz/7szqBP4cFmb3uBP7213gS/50N9W','',0),
	(237,'40631118070','$2y$13$W8c0ackOpO575ZhlJ5oDJuPvSWPoH2tGc4TxdYyOgLiM3Xhjn8L5W','',0),
	(238,'40661121070','$2y$13$d.6HPRKhU835MmbaP7BpbejWKemd.5jU7ifTxltwR6RNYmO8W4B6q','',0),
	(239,'40701125070','$2y$13$YvmxVTV8/zuu3JW036VmW.kCw10aHcQwE7A2gJklXXBRLft3dbW9W','',0),
	(240,'40741129070','$2y$13$nwSOSRn85y/ysl.OrXP8p.uoOKMTaIXSNuRP49b2EJ7eitVFjtOGy','',0),
	(241,'40811136070','$2y$13$T0wS1XEz7/YD6/e7clnWNeDeDQIB2BPj3GMMO0PWbhzqLhx85JirC','',0),
	(242,'40821137070','$2y$13$cIww3B0RoaN//qWiX9Z1w.ijv8hsZ/yiFJqL3rYPwoOfxAZ1boqx2','',0),
	(243,'40901145070','$2y$13$e01El5dNi1EqgUnk0j7zbeE0Eczs/6Pgrs0qvY4S5as50bsFOMPEe','',0),
	(244,'40971152070','$2y$13$2d0Hk3NWHPA9mYB5dRq74uba/LG80fn0vndHdSwLZv8oL6BawjO1S','',0),
	(245,'40981153070','$2y$13$yoL5WKb7rDI0T5MaxrJTsuRN75QMvcQZsIg9Jo4SrprwnRoPId//W','',0),
	(246,'41031158070','$2y$13$hjZ1rXtdo6rA27tntPuZeucYa/3qcYz3TnhhniucvrIlj/r37rZuW','',0),
	(247,'41041159070','$2y$13$vGqLzYx6LOUuX30/M1FieuXmmZ1AonLn1DiQWOgmHQa3LumsHZzDC','',0),
	(248,'41061161070','$2y$13$jvOgQDhlOe8XmGFpWk5Q7es5c7.wzS4UnaWps5gpbcx0VeJzAilru','',0),
	(249,'3714934070','$2y$13$qY78pKkyCAvXXzHn3qJBlueTSF6WwwkTDX4CpEYI.ad502hwN7WTm','',0),
	(250,'3944999070','$2y$13$BDkG.mgGKFoXFtAia4tsv..fsZ/d1GBJ8..CqtG7VU/KjATjgxPUG','',0),
	(251,'39461001070','$2y$13$y4dj1C3RaUJye7t1QTd8JOW3Hg9HPez.AwEFdFi19xzLjT2QgWmsW','',0),
	(252,'39531008070','$2y$13$pYIrrMgBT.DJhFfoFrdaj.yrgwIWtLWNUOjAVO38zDmqzeVe6bo.S','',0),
	(253,'39571012070','$2y$13$o.Hp.NbWsD4pCi/92iO64O.51QNzTe5tTX1zUdNykL9XSm.g4PKwC','',0),
	(254,'39581013070','$2y$13$PUOkfsWDjIDhOmB2mWrqVuhTZQTQZ7IpQ73LsdTEQE3L07cd2rDQ.','',0),
	(255,'39601015070','$2y$13$LCWxxlBD/2M10pHfXbT0puFIydVN.j2zrmllRBnxub32IYfqVeAE.','',0),
	(256,'39611016070','$2y$13$idfwCm54CitSv69Y17Ue1OTeSSzovcFIw1hMryzNne4Ght8s49Kku','',0),
	(257,'39621017070','$2y$13$3UfiAdBzsNZsqRRWvOPxTeirRl64EVZ2gbSA0kBEkdvC69dNF9F6W','',0),
	(258,'39641019070','$2y$13$XWCDgTSivtrxwTce9H0QDe93PUMtO8AvYSxX10.tpyT2BRtUQ/UzC','',0),
	(259,'39661021070','$2y$13$bWHbzViQIDSklpwq7SVlJu166SGbWfPN5c3L3iX49MfJ2wRNk.PEy','',0),
	(260,'39701025070','$2y$13$Rb8v3ZlqqSCYSJS9cXhX9OosC/SSSWwpEygBllYr/XqbAaFH9IknC','',0),
	(261,'39711026070','$2y$13$muH/qXJ9PC90Uw5GYoHqf.TjOOc9.RROdup247RNuC21BegEoUqf2','',0),
	(262,'39751030070','$2y$13$2OB2/MEtBYetXubZLQMv8OlTzLwmSn3lBAjwwoxCCDfcpt47lH91W','',0),
	(263,'39791034070','$2y$13$cUbRKSZpd8aNAl.duSrT7OtCHqqMPsAA8lonutkcs2xPFWha4Ntd.','',0),
	(264,'39831038070','$2y$13$apXusWh8.5e0kUt2tm3z7e8WTGERra0hbQe6f/XaC3F1/sycgwFBy','',0),
	(265,'39891044070','$2y$13$mf.tOLSsRyxxNJClOs/WTO1aQ2E5V0dmloiSyW7lUyMqUSxAiuvoS','',0),
	(266,'40041059070','$2y$13$SfqLbrgW9hmzRV1Fa1aXmugeMTePO/2Fyx/psW46TA8OU9KKvE9zm','',0),
	(267,'40091064070','$2y$13$Tsn2iNu52bP0KMDdxay8KeLsH6s8FwyC/BiY15m1LRyV4iV.e90I2','',0),
	(268,'40111066070','$2y$13$Thu4e4twvGSZjD8yIQXggeCKN3Dkder22crOus/wcsPXDjQpRhwwy','',0),
	(269,'40271082070','$2y$13$e8FJ8zSLJNGmF.w/hyAE/.jv8534pPZW6NM/nqGMb0Up4K/nQFozW','',0),
	(270,'40391094070','$2y$13$xbBzLpGVeCusij4mZMrvReOwGh8KRk0BHyg7WH78GM6a05xkGqYK.','',0),
	(271,'40441099070','$2y$13$9rIK/b/V0mFJeYXnaPN1EeVG4a2Da8CC9YS1RKuYBkZUQbZbuLhNO','',0),
	(272,'40501105070','$2y$13$r3OubWb3pWpl.iWZWpAXReQVH98FR0wye7R0H3UGU87hjbsLOvj4S','',0),
	(273,'40531108070','$2y$13$kH0zGd3F/jlE223yi/txR.UCSkUxzQhMm40rH4AXIArS/VeWPR6CO','',0),
	(274,'40541109070','$2y$13$iD2QwEgJYwRSZF0wTgUaKeRO6HIuDA04EG05ah6nLYmLR0CeO8w4a','',0),
	(275,'40641119070','$2y$13$LaVNq.Olbz6HFlYeqxA7WewAukLdjZyg96z9IFNLnGnJo0K1zr1me','',0),
	(276,'40681123070','$2y$13$QakAINHA7i7h2529jjIjveSiZS4musplVNX3myrdawNN4RWMV9FwO','',0),
	(277,'40711126070','$2y$13$RCZa5TmxDnIliwet5ShSOuD3QyaReER3AADSRFKbmeVSHUWkL/dga','',0),
	(278,'40731128070','$2y$13$WvKNNNQFkEC3aMspenHIxeCfSymzRcdpjMfu.2Ggz0d1ISp4gMXqa','',0),
	(279,'40751130070','$2y$13$wN19R2J9ux73lI8N5X5ipOkRw5NUEb8ki9WTqLu9QW4yxkqbAcD5.','',0),
	(280,'40761131070','$2y$13$MmWr/r4WwDJbbH9F1RA/J.sSPX8J3p9KCj19ThDNXvUCNBTNEfJdK','',0),
	(281,'40791134070','$2y$13$Z4urGSuuRna/pDoRiLa.L.1JTEvFh5BWaOLe3l0GQiyMV78/zmC9q','',0),
	(282,'40831138070','$2y$13$QPOiReeyj.XSrVdxtbyXpuI1Xlhp13TomNzp3fabUbP/9u8Vci2.e','',0),
	(283,'40851140070','$2y$13$GR.CWxM0No1Dlh9eynPiyetmDV1hv5wUPGAryxJFrL62yFHAoKIHK','',0),
	(284,'40871142070','$2y$13$rDQ25gk9xzQCW0.Z9j1bp.QqtjKX2xo1/1pjIjGp.f7zGWBpLxaYm','',0),
	(285,'40911146070','$2y$13$djDil1yc/dBTAVXz7e16WOSq7NSaxSUCDJuljxeu6UcXYZkYu3EXO','',0),
	(286,'40931148070','$2y$13$Yefu1pQAK.wA2ZOxypWICe/oSZGPAwW0lm98Rz0L/0CZ0/l4TFKtO','',0),
	(287,'40951150070','$2y$13$kQ1pi3OY2MMJ0q5q/fTgz.3ndORtel5avdWCyirRq5Th1TYTd//xm','',0),
	(288,'41001155070','$2y$13$UD7ABkgdnZFHdtqMQK8V3eBNLnzqtFNVXsCK6On6fJQ.ExLv4BjWy','',0),
	(289,'41051160070','$2y$13$pM6X3z4FeQ7hzr2r9FXN1.9xDH6T9CQi0tFaxZIJwItQyyENYpoym','',0),
	(290,'41071162070','$2y$13$0CbkKGX3Qh6ZGCwQjInnG.onrngl0Whx7MybH.sY/uz3R/aZCEV72','',0),
	(291,'39541009070','$2y$13$mWpR81x59Ho9.GrJjatz0eKf/QCOnHqa7w4kKMH4fcfra8nFqL.TW','',0),
	(292,'39551010070','$2y$13$ECRWrVUg9Vxhle2Qu3MyAOvuG5yimhLXIYMT6gUak8wWUG9DucaJK','',0),
	(293,'39681023070','$2y$13$Zrc61ZxrcvV3yzYmnr3DQOYdhs0gX6tL9QBmY30PqWXzMYOIZpv22','',0),
	(294,'39691024070','$2y$13$zjb1nZhhcNczvLAPT6NyvO6LaZoloYfutGlWFuFcfcOJKy1fEAxj2','',0),
	(295,'39731028070','$2y$13$Kn6fv9FF3NAT7Rx1wMInhux4eaKpXCEwuvQQh/9Vwq8toyHpFZcFK','',0),
	(296,'39771032070','$2y$13$/EwWf/HiBxevzlMjiBm0ke78xIJePwBLSk8QBprySuaV2pYq2.9Ja','',0),
	(297,'39801035070','$2y$13$Q6h3mCTgaJW2CmiLssYvHuS0HTmlgAPKUBU7T9rYBWy57GXr415a6','',0),
	(298,'39841039070','$2y$13$ERtlBmVncUBruXkrZMtc4OsA332tmtxV7j4S41jvZkhvN.EKRZH5K','',0),
	(299,'39851040070','$2y$13$X.tEcKQ8B6/Wrbx5ascEX.Ug9ulsMkv2fSWfeHjtxmWJXJVMXaErO','',0),
	(300,'39861041070','$2y$13$JjlSnKcpsw4blBrnnARgi.LkZXgpfUIbIQAvyEgiVYgqQAtmxRGku','',0),
	(301,'39871042070','$2y$13$Wx34GyTFyMhqg6olCER7YeD16KzqwyegguqmZIiL9NXUi6OVwwPhm','',0),
	(302,'39881043070','$2y$13$YIiQr20WL49OFzrwUKjQzeX3e174a.8lZz7EtntMKY90dit3wDNva','',0),
	(303,'39901045070','$2y$13$OBhaBVsoWw2vgbCRfuZvX.kTrJKOZWF50i4DqiuKtuM/5ikGfJ3Ja','',0),
	(304,'39911046070','$2y$13$s6pRuD6pfndmaIr9zmw.f.tztsQ0JQDr11f1Mqx8eo5o7P8LGZlBe','',0),
	(305,'39941049070','$2y$13$eJ/qLj8VYc..Qw./Zce6eOKrMvhQ/6b6lubOrk9oPSuEjeuQy8bvy','',0),
	(306,'39991054070','$2y$13$lMA4k2h1D.byntGCTB/pOub9N2NX.LnHdnDlDNAU2KsLUX4Mi60Ta','',0),
	(307,'40011056070','$2y$13$GsUjjCUouPk3OLt71N90Su3AsFTh1KIF74YIWpPd0hsyc65T7Uzee','',0),
	(308,'40021057070','$2y$13$SdZqvpttjS4LNhtZUQ/vge7f/i9J98X.YcWRFgyppAn3ETEQPH.Xe','',0),
	(309,'40031058070','$2y$13$RcmtHgKrzn.s2vOdk57rf.QwppZE2pDkFvho6RnZVU7cZa1FGNyqe','',0),
	(310,'40071062070','$2y$13$a7H51doYuP0WpAobPp5el..6hkgYCDc6Y6yw9lApPqktn3Gy5lPJ.','',0),
	(311,'40141069070','$2y$13$5noN6e9anYF8qlJSyt7uMu/2D4TIs1SheD7NXg/OFEDmRbMDbm3PO','',0),
	(312,'40241079070','$2y$13$u7OGE/eptzRWoJH.reGWoOkcT8ChRv7wyxFGpH1JIm9ofdFhhnm6i','',0),
	(313,'40261081070','$2y$13$h.y3C0xG8yJVi0EprN70quSGUPWpAyhl0gnjTzjQBiNONSy.AZ3KO','',0),
	(314,'40321087070','$2y$13$9y/DJk8M4C5qjM4F2ioOe.V2cFn4vTTgKW9N1RGjauotsgvwWUVGm','',0),
	(315,'40331088070','$2y$13$Q.gjGlp1O4ZHOghj/p.m4e/iZIw8PnYk6pGp2s..BgjtCK/VeHdRi','',0),
	(316,'40351090070','$2y$13$28eGNNjFyHXCMTMe0BoLAu2zNPMmzrqWvPmpvsIQFPWXf1Lld8Ck6','',0),
	(317,'40431098070','$2y$13$ZC8udj0zGp5xdTyO9k.ZjeS9tWB14iKejNfT1YwR6fdfQMgrwoBP2','',0),
	(318,'40451100070','$2y$13$UCj3cAXOXaItPY1JeEp..OtLOQrlSvx13v71QDlrrgQx0T1YItuAC','',0),
	(319,'40491104070','$2y$13$qTWETEm.3TMXrN5jECla6uceuh76TnlPtO9/NHfwdFawAFZRUb4BS','',0),
	(320,'40591114070','$2y$13$gsd05IbG0cXYaM6qHoA5Eu9E/fq53w.LHUQPETvuOmOQDqSNzGmnu','',0),
	(321,'40601115070','$2y$13$3lov6VoFeAdCskG0pNQUY.2JG9l2nGQDp22VXtTyFflnE7akVbTJa','',0),
	(322,'40671122070','$2y$13$VFmyKyN0UGRIZbHsn/0KfufqQC5jhdqH3erdC9kPZHACbxYHeST56','',0),
	(323,'40691124070','$2y$13$g.SJRNUVlZe61cbAlKzPPedNC8xJPDdHwQQCl6q3QUIb0yxyqEVem','',0),
	(324,'40721127070','$2y$13$.qwriJ1lmYt6O6MOf0mCLOzF6/o.n31nXKHjc.5DNsKzkt7ZhFtb2','',0),
	(325,'40781133070','$2y$13$QATshQMMFdaqLdsgGTIdP.eXuRL/PcZckXfu8g6CqEy8wMjgYw6Ui','',0),
	(326,'40841139070','$2y$13$7YpPO.shA3YRIxNg82VEJ.w3DbUIGfiWQJNma1UuHlLanLXfCmFse','',0),
	(327,'40891144070','$2y$13$66LWWAetCTV/G8/85ZzSMecVd4JwGJ.jwBxsb7tomO9wfb4hNduuK','',0),
	(328,'40921147070','$2y$13$UiPReJfGwKhuP5CD3ZXdIOqHJU4rD1OGah5iMkTn0xGF65ylZ6Soq','',0),
	(329,'40961151070','$2y$13$mSgiuV5uMzlvttsY5aNHMO68DwDu1fqN4bRGCBGVkFrZFPFPFHgJu','',0),
	(330,'41011156070','$2y$13$NEBufPQA.SUrnPPIl/j7IuKsD.4NvqcCPj6UzeHfZvQDADhrf.1DG','',0),
	(331,'41021157070','$2y$13$d0sg5GDzOnLaRh1BcHn7H.3SMESLED/QnEILqqGrwVppWmCI9CzLq','',0),
	(332,'3456965071','$2y$13$KcbXjufzMU1vJeB95ptr9uQVukL2Bhtb1MDK4lSbV8PwpFsgiYdz6','',0),
	(333,'3457966071','$2y$13$KsxYxwJBCYnvMb6hJFu68erUS3CG.TG9D0KQjtoUmAU2ALpFDnl5O','',0),
	(334,'3458967071','$2y$13$GCz/n/1PT3DOKSWJz.KA/eGXvDmt18pCPFuEdxSwIW1.FgaVCMCM2','',0),
	(335,'3460969071','$2y$13$uA5LG2a.MSdN1d59jgnftuQ3.58QwC/WRClslu6nL96g50G7W8/DS','',0),
	(336,'3461970071','$2y$13$iFsjB7JMuDCpUAb3/Z.oWeIy.drv2UDpmM4Vx4AoJ7T7Q7.nyQUxu','',0),
	(337,'3462971071','$2y$13$W8oP12IBiNBisNJYTW9s0uUZ8TIYzC1dn9wgDjQqbhxk9jsrWcHGG','',0),
	(338,'3463972071','$2y$13$uIvRSKabmGvm/Y/e35uMLOGv64ZGZ5tOC6Zmh.lH1mDd2Jn2qyPg.','',0),
	(339,'3464973071','$2y$13$CAmobhjrgTUUTZjss4TUCeH3XO4egqqmMA2eooW1BoQfRzUlM.aSG','',0),
	(340,'3465974071','$2y$13$Pqp3e/zxJMIcw7ZvLcStuuEG.8UCtug6BQvQUFnI8Rgat/wlyXMMW','',0),
	(341,'3466975071','$2y$13$KbHodqau3A5DzrTcRp28ROyliyDlALcpoJ/PtZ.wk6BNikWT0Alsi','',0),
	(342,'3467976071','$2y$13$C7XdBfkl0ChvJHk.F51lBO7QIjcgQn02ZM7aC6GXab91z2LL8vIWe','',0),
	(343,'3468977071','$2y$13$NY7pyFyN.4v9El/kHkaw8u5ifyh0jq3Ru8A7jt7PT5rworpTDVQ0.','',0),
	(344,'3469978071','$2y$13$p2D1oLMc4gHZzzqd9IyXPu02bVPXihgBxQzVQBEvu9iDRVYozud9e','',0),
	(345,'3470979071','$2y$13$2BOEen5eewgDdgBT7HGg.uwOwQ7aR8tUAaynbioLqK2ljrKxVVXY2','',0),
	(346,'3471980071','$2y$13$zlgIPBSrqhvAOyvONfZyc.ggsIyLcHxXE1krSejhifJ8t4JYM42CO','',0),
	(347,'3472981071','$2y$13$0Q4YuHVG5sV.j0ah4N5L/OuyEuQlo382H7LoYF3tDjVt8Z1Enu0V2','',0),
	(348,'3473982071','$2y$13$RpjNc.VuwomIOlaM4AesK.dmcWBepvzOeA2smGK7OV6L3FR41lm..','',0),
	(349,'3474983071','$2y$13$HD2jNLdWCMOsFCafU3NcteOw3Vv.D3t45I6XYOdk6bT/8b4vF4zfu','',0),
	(350,'3475984071','$2y$13$kbxrwjPJ2ODW72BaoPTy/ufc8mKTq03V7SrWfLAxvA52m6o/mmqAa','',0),
	(351,'3476985071','$2y$13$UpXnZcFIkT4/uOX73TaV7.guJS1xfDYdzRt1Rra98fpSKqeE2tkuy','',0),
	(352,'3477986071','$2y$13$E5cygPlZr5bktqAhJ7rpWeCFJVE41F26gYszJcBVq.E/21jo3nNqW','',0),
	(353,'3478987071','$2y$13$BiXMPqzwBdpu19Jssw7e6.ZsQFkNiX0bAtCVIlegYXGy6CyY/bdj6','',0),
	(354,'3479988071','$2y$13$DwrAJrwiC0ejb0Ffc.R64OfFNLf0lVbXY6pA7/0wZhV1hjGqax5kS','',0),
	(355,'3480989071','$2y$13$cusYIwsnG11onHzUoNZ6AOL9oSKoonMz1kHGMaPRffmqSVgKOORgK','',0),
	(356,'3481990071','$2y$13$0CSHdtxZ6TLSnHoc49Z21enZdEWrXruxaN7NMUL4.uIeYMFnwJqnW','',0),
	(357,'3482991071','$2y$13$yy3FjMsglI6cYQdMtWuI/e5QGD0DgNnEyMj835.Yo.79K5cq4FUru','',0),
	(358,'3483992071','$2y$13$15GezFc/fxqPz9rWwOnpv.l4.zmRd4iOMhcd2aetyilsJan/hBrE2','',0),
	(359,'3484993071','$2y$13$Cc5NTkMiSLO2BC1Kb2K71.NwKyNFZD9jg98BCCfGH1kW0UT2Q/LIe','',0),
	(360,'3485994071','$2y$13$7IJDZP8xHu2ZatSgDyQQr.hftAbUxh1Qudqxw7mj.ITpSBMUS9M9u','',0),
	(361,'3486995071','$2y$13$CmKf2ImuwR0thnawYh0/hupClQR2guGLAj3Epv3bS3qztP8.3wOXe','',0),
	(362,'3487996071','$2y$13$nHXWPniabBXrv2Geh84TwOkpybQ5qD/bn.YUdL7JY0l9Vk8/a.Mya','',0),
	(363,'3488997071','$2y$13$J.UrLRsWVHHuenOBT/Ue/eqJDq5CrXcqFoSCFOs3NFcwG2oU2Rewy','',0),
	(364,'3489998071','$2y$13$YhnBNIaxIkkT8awPq/sBPOW7SYQnGMMgHIms7bsRaWxvY/RG1UI56','',0),
	(365,'3490999071','$2y$13$qmzxMe26VQB34wE1uX.91uyUmaWn.SglUhjDHF7bcmhIpoKF5IUou','',0),
	(366,'34911000071','$2y$13$F36NBaINpdrmPKuFrnMuX.bWwiqh/jq0YlBz7PS77v3XKWUej5UV2','',0),
	(367,'34921001071','$2y$13$dry.e2vtqS/Ae4Y1bYDhY.ukmOmMGbhL0ie/jg61JeVTMmspO6OWW','',0),
	(368,'34931002071','$2y$13$9.3aemib0j0tTrFt0Xjn4O/JfktIaVAx5BL8kwP7E1NFcQNHjYgqK','',0),
	(369,'34941003071','$2y$13$Rlq2HPuMNSrlOutIRJnhVu1Wx.u7ryl0.fgrxKeGIMrxdaOyqlHba','',0),
	(370,'34951004071','$2y$13$FcoR.0SR.S8lZhcy.vWlU.cHiCA9xJf69dvDEDQdetQwMJ4yPOdfO','',0),
	(371,'34961005071','$2y$13$u9ajE8vO1pbQNDf4xOdFrunESiB4iQRTaPf0Z/KHTmyqCYTZLDbPS','',0),
	(372,'34971006071','$2y$13$2kBGU4xuLryZAW9pvPXMjei6yxxWZQt8oL9aP3wUkk5VMBsv8kDhe','',0),
	(373,'34981007071','$2y$13$VzCew/nBr2yEz.AmGRN1nO3.LS/lRbRYUnn.HUMtPHlmH3R09Lahe','',0),
	(374,'34991008071','$2y$13$SWR3wNVnd8SRgYyAZu2zV.OsLgcgkaOo2t7FUzAeCv1MGQxtb/cbi','',0),
	(375,'35001009071','$2y$13$I7RKjzzOsZoxLyV43AnPW.5HUVsBHjWTNlNRnBiSCYoXZ.JjJoPjG','',0),
	(376,'35011010071','$2y$13$mXr75y7VLA4uZXtJYhfzOenPg6yllg..6FScfGVNcpNh.Hdq49JLG','',0),
	(377,'35021011071','$2y$13$ss4aLcBAemp3Xa8EFUHyHOAar6HrSKVoKIaqDh6fBylhOystOgj4O','',0),
	(378,'35031012071','$2y$13$qbSPOipJW0FbsC7B40Ww0uDsPhfC/odQZYveDYFW1xTaEezlzCx9u','',0),
	(379,'35041013071','$2y$13$UE/wDq6cwUvTTufjpfTTEOytNzLNReX4WIgBWIfbTjW4hf6VIWtxu','',0),
	(380,'35051014071','$2y$13$D5p7CNs6FQCTOIUk1sImL.SzqdRLX8Squvg4Zil0CXm.svk8qFO7O','',0),
	(381,'35061015071','$2y$13$YmTxMkUoqKu5EholEFmF1eZ/TbmckJRrPv0gf7Kxt2JnALPx4rS/i','',0),
	(382,'35071016071','$2y$13$8ubaipS/3DZpMbH99GnNxeLQjjHQYx2.96RVOrFz4AOS.NkCdfpti','',0),
	(383,'35081017071','$2y$13$JjPinKZng6Oeit20e5yEpeGLlxItuInKo7bqJszQbeA.Nk59jrOo.','',0),
	(384,'35091018071','$2y$13$.IXrD6bI7zt3bbYGwuY.xOrA.UXhJtRdOWvymnMTqR0.UHr6dU3Mq','',0),
	(385,'35101019071','$2y$13$bvRa/fYN9zuWzIIISEFc3.VhoICIeoZ1H3vWA.C2x/SQ.os/3hwxu','',0),
	(386,'35111020071','$2y$13$l/DWTr7GDp6EeQBmvMewwOOBWwa8HqiGs4A1AXkzEzF9sgCa4wLva','',0),
	(387,'35121021071','$2y$13$m8nEgOv3psBRVazCeSuocuHD30SYeIIWmznMPsOBsHAc7jy1uULIO','',0),
	(388,'35131022071','$2y$13$PvM6gc5bgtAn81ITD5hPsuH4qSYQXT2BxxfBIAq1gqzke4vm14hp2','',0),
	(389,'35141023071','$2y$13$aaRlqdY4/S7OzyfNX9melO6fe3iyA8yA76l1NJKMARaS3vqAjppjS','',0),
	(390,'35151024071','$2y$13$.QXcjOJ5flmWZf1TG0oguuhnJvosD/1BxrMhL72RXna8COEWjxeBm','',0),
	(391,'35161025071','$2y$13$aIrPux8hqxqE5HIFURgSQuTbhOjrOzMIc8.0XmfQa1IF.YWUZ0hpu','',0),
	(392,'35171026071','$2y$13$tscELlkhCztcCFwH1N5tjOzwN4Mogl9mxZfu7ArmUGuKrinRbUNJq','',0),
	(393,'35181027071','$2y$13$kxwyEjquZMZ5ty77I7dY4OZ6ZR6qjwLK4btOqT1BQOzg2KUQ3X.dO','',0),
	(394,'35191028071','$2y$13$3hnLTO1dObXCGGfFOvIPvOrs8HvGxv1cPFHT6gEzUPSdkFJ00W4wy','',0),
	(395,'35201029071','$2y$13$YobxXORg7t4wvyjx51itxuZTy21NiYdbcDzH38zENMRc74hCY/EUm','',0),
	(396,'35211030071','$2y$13$01O65AiMDaP1MaR7r2jZiejA9xiwKgo9H6YPNLuFdjhopbfTggaEe','',0),
	(397,'35221031071','$2y$13$yXP4APKBUjMFZ3.n0fLoYeKHaebqycgDRz0L4URuNBzpqDwW.KtP2','',0),
	(398,'35231032071','$2y$13$et6WyKnegK1SwZJnzVHyR.jWpfJj8DRwvkab0EvE/h8.JA2zMgupy','',0),
	(399,'35241033071','$2y$13$SW1Ai3dBTVMuVX/PqS4jZ.ffBi1s93mxn9VmraAjG8yjG80fSkdeW','',0),
	(400,'35251034071','$2y$13$jOAIjcXHvQFG8JE5EDgpYeeQCHfmq3RVS23jtRQ3.7oH6wlJ9n3z.','',0),
	(401,'35261035071','$2y$13$rYPsZbmMrG.uCvfNhza3v.YDy89/t5BsCg2IbyCo/8TkFB4OGyLZC','',0),
	(402,'35271036071','$2y$13$xPJyVBl64OL/JtBVnfuovuQ26PdyuKKZo8pd0CMJmpHrabEVySRSi','',0),
	(403,'35281037071','$2y$13$qLGUxtnsOUpTLAgWCvy8q.7CmqoZyA.XM83rFC4GDbFIcY1gwKP3a','',0),
	(404,'35291038071','$2y$13$T5Xfp43lUawE1nTZWKhERu06WYgEHx.4JlNHZtYSkcZNJAsB4Y/fS','',0),
	(405,'35301039071','$2y$13$khgV0xba9RKqJmNwKIfzEOA3OWnzeqOuDAZ6nQdhPpsZ4mV/c.nWy','',0),
	(406,'35311040071','$2y$13$EeS./bU7ssNWiNRXwQA8i.ip//eTBFRJBgmHvVyHXcO/gWoOypRvW','',0),
	(407,'35321041071','$2y$13$fNhvbB0LQBVrp2ifDDK2EuaBLNbH3OE4lk0ADX31NLKvhItZNUcNK','',0),
	(408,'35331042071','$2y$13$aJxz5YKsIu4eNq4J8vQQXegm9bqXsjq5/SmnKvNlxD4FAkhQq8juG','',0),
	(409,'35341043071','$2y$13$u52jroNAf0NsVID1ikd.ZePgsAljw2B/S9iV9XsSIXihr1rUhi/Iq','',0),
	(410,'35351044071','$2y$13$TsFb9AhxuIWZE1e0VLBkZuXK0ea1rFNY3mZcvNNdRd84hk5eaLaxa','',0),
	(411,'35361045071','$2y$13$NdnCZz8JORlMQYCevhsvROczLdZkhTPojJJF.O2kZovimxaHvIvyi','',0),
	(412,'35381047071','$2y$13$e5YAHEiUtnpDXKap56HANO6kyvwmwc37e5wNwjQpOLObuhjzYNwQi','',0),
	(413,'35391048071','$2y$13$cmgx.fR/yZNf2g8yFQczqeVspXANSaFh7tKrftkZdug7PmHAjyZ9G','',0),
	(414,'35401049071','$2y$13$qvyx0QI8NCqoWvRVfpqyMefhikB8nJlnrRrSbSqDkZTReS/R5ePN2','',0),
	(415,'35411050071','$2y$13$oGqFvgZ6NWjp.9cyWOb1U.iN.iR2oOTSz90NBRoXpDUXqzXnpWbpe','',0),
	(416,'35421051071','$2y$13$wiY2UyLnRVGdI1Oox4RxS.iHSNHNWh/NmNyGbL/OSv4PrXb5bSG76','',0),
	(417,'35431052071','$2y$13$jM8v1UO7YlhFghzsyDSqYegurFX5dKkW5Ax5KuUKtQwYoRfMV1Leu','',0),
	(418,'35441053071','$2y$13$/MD1YQv94QpfA9Tfd5h3oe0ztgDKb2837DLYNV2t6XXa1SZq4ypGG','',0),
	(419,'35451054071','$2y$13$8HeAwHU7nOsL/.D9ySpaVuKpn.9tAjM3eNA10MEOm1KfKgVF5tDdW','',0),
	(420,'35461055071','$2y$13$9icS1OWUoK.RTQ1LMAoEt.CjnpY4YPJ4ztICxGF7aeNk9Y9riK2ZK','',0),
	(421,'35471056071','$2y$13$1N36QzXlXnCny8qlqhJWX.I4rAar0Pag7zEhdQANeBS6i7znr76Pa','',0),
	(422,'35481057071','$2y$13$Nc7RPBF4dnYNnm8Q.pSYD.wfd4/ur7gfzq.vwBbYUSjLUKWPx41N.','',0),
	(423,'35491058071','$2y$13$r0Jd8plAC.mCnCYBD9FMIO3mINU4441yZHDkbDlKdupXUJ4WAjDs.','',0),
	(424,'35501059071','$2y$13$XcqGuIS6pv17sJMaDdKYLOqivK06Q5OzjkuZeuARqu6eiAurIEcTS','',0),
	(425,'35511060071','$2y$13$pvDfYe5KMJHdwxqfiFEuXeOalsrahSk/XCUM7k6Ir4mN6YE5QBTKG','',0),
	(426,'35521061071','$2y$13$1fNPXtUixwlz0g./Wzs2oOpo87bCTQ8RnWKxADtTsPGEc.NBHW8TC','',0),
	(427,'35531062071','$2y$13$WsIq6NxML5bkW1UUgXfBdu4nwrUimiLWNlCpPAW0Gchw1YqUPZNNu','',0),
	(428,'35541063071','$2y$13$Q/ReTezr6YNXf4X8gqOm1.0SZUNxd0eHDPxkdcCDqTVObPlhONx42','',0),
	(429,'35551064071','$2y$13$uejrSOhXV8PvxZCzuQ5mEuMnlThrb4hANxakTLFDHJsAduPbqj6QW','',0),
	(430,'35561065071','$2y$13$AeV91sjuf4TtC1sXTx9FZ.PW5fR8AE2A7XXgplWUplnZy4BwA0Yq.','',0),
	(431,'35571066071','$2y$13$q8rZplNf9qvNR7Tw2nUFkeRhRYUzEg9/pfYFL5dlgC89p6aOZ.D/C','',0),
	(432,'35591068071','$2y$13$SoFPnsIGsb/xQNVs1k9dc.aBr0bEgY7rQ4G4YYzBDFq2K69rIfJ4e','',0),
	(433,'35601069071','$2y$13$xpBX08Qw6Psz.Vk3r4t5huz411ZB9Pq/cVfraNXCtfc3NQ9HGVUVq','',0),
	(434,'35611070071','$2y$13$qRxl/qflN7WuhGrF6SbWeeFen4q01MtMM.ZJLCUHwpn4JIw3Zx/ii','',0),
	(435,'35621071071','$2y$13$PDKLtz63WzYwAswlEiRKy.c2gpyaGWXipz45GK71xq6tnXlg7icmu','',0),
	(436,'35631072071','$2y$13$XVJU.Lj3VFEhZ5XbvKroj.qpR9VzqPZhfFCxdPEm3bdNc0tYs3VEy','',0),
	(437,'35641073071','$2y$13$zwUxdYpb7quTeIYd05Wnm.9jdoL7M2ZF8URjaIoXcYkS7jR8Hfgj6','',0),
	(438,'35651074071','$2y$13$Uo96.NIRCOmAQdcN3pJkveea0z.he4RhRzOq0KqeH/ZHvvmgnVP9K','',0),
	(439,'35661075071','$2y$13$dZbq3JzouIDIiC0EIG/yr.BTjjibfGY7zsXVmQnNc.I4oypEoFNCO','',0),
	(440,'35671076071','$2y$13$NjxBmncPby9Duc/USGX46uwILVXPvE.jZGOJ6QiXpzqtukxtSL5S.','',0),
	(441,'35681077071','$2y$13$MHF/zz9bF/YPNuapgOrzJ.QkLY2AratG7.FykR/ikVHr9/RVIh8ya','',0),
	(442,'35691078071','$2y$13$/TliBI59rYbJB/dZACktfOkHnaHlAbr1/R5p3Y9.UClzuudkOOKEy','',0),
	(443,'35701079071','$2y$13$7ClAbJ6HLvVKD8.NT4T2cerfZ.0jBR7WrJ4kYHAYzhgoayAZxM10i','',0),
	(444,'35711080071','$2y$13$We0vtXCtSTe9iuzzI5OnMuokEn64PHdiRjor9kw/EO8GIzqcR4vtC','',0),
	(445,'35721081071','$2y$13$ypVzkxjyWE76CZYmPWKznuZV7DVKJXJeAD0YXW3qOXaPJ820s2.36','',0),
	(446,'35731082071','$2y$13$nR0iWgeXpX4PuqsGHwcjWufRcykT//gCaxRmdh.s0lUJP1IadlrUS','',0),
	(447,'35741083071','$2y$13$SCYX1jylKdhLFmv.aKch8.yI/DlWflFgny6TcxersrpIA8NHrMGZm','',0),
	(448,'35751084071','$2y$13$9xXKDIkzjgz83RM5EtAhUO364lz62jlQNw26zlWRciLk4nrAo5WLy','',0),
	(449,'35761085071','$2y$13$ml2O6OzVc.hyOy/zMKva5evzOf8jz8t2DLFT0jX8a1HiI/fBa0xu6','',0),
	(450,'35771086071','$2y$13$1DZz/7QqtD2mvYAnJVwDs.eKZKDDH.v4IQC..l6MZBjMvSYbTImIO','',0),
	(451,'35781087071','$2y$13$jv/4kafp6ikQLEd/XqFdsuywL98URVPJzXaDxdrJM5RCo26H78Ds.','',0),
	(452,'35791088071','$2y$13$RdWUrgm/Ia8srvzh3qaM2upyuLp1v4igLfscCVLRSdUk1aAgZQI72','',0),
	(453,'35801089071','$2y$13$mlU7clH/sCU4yX/rHgt6rOg9WnbzuRomjZltYyt.bXFZeub0ZcNOS','',0),
	(454,'35811090071','$2y$13$lpgy2OeSkVSVdnfuwskO9eSdCIGdgHSPKRkX43b78C5D1OshpUh0y','',0),
	(455,'35821091071','$2y$13$Wbfsd93Cy/9it/ug/e3Y5eqzK.zd1NFQWuBv.MdVtnfPGFCJRXXUi','',0),
	(456,'35831092071','$2y$13$ca7IUmAd1ImFP8/q6FXHl.0sFs27ty4ElHk3hESp9e9Q776IubiUK','',0),
	(457,'35841093071','$2y$13$pXLWyRhv1N062Q2TVvhviOtB0NgzDYKzliRis9Yt5hhoBHM6SLA7O','',0),
	(458,'35851094071','$2y$13$V6UUhbQFnvbRVfMkkMQa2.94yxsdrBOuZAgSYJcVIghOKKVGe/dS6','',0),
	(459,'35861095071','$2y$13$qoqebGNDA5mDsPfckGxv9OObd51xyIHGZP5z0tj3lPqYzBMU2VKR6','',0),
	(460,'35871096071','$2y$13$jte.wHMrWDY89qyo4iOsJuIYy5mO2.M5.D6w5N3uxiPMqo.4Vu1PS','',0),
	(461,'35881097071','$2y$13$5f/UflOi7Yfc1m3O/hpHQ.e0pFPY/GRziItZc1LcdUIRR1IALwoy6','',0),
	(462,'35891098071','$2y$13$aXbphpkBXU5nhJl0gb8PMuHI303uz0pDNUx2nxG7vXK9gqQmmSDn2','',0),
	(463,'35901099071','$2y$13$mJxzk9SNN5lFfiaOoTp/LONJbIlfdcB4Qy9geRoOjqkf1lbIHPnqa','',0),
	(464,'35911100071','$2y$13$A7Zcv8tIh4O9hmQK6DWIueHG2NjR/CEldfLQZzSyTDxtoSNCZCa3i','',0),
	(465,'35921101071','$2y$13$oHQnGjcDvvLihqHHBmSSNekwC9V7/EQVvGHA0GstyfgKcT1bujlQy','',0),
	(466,'35931102071','$2y$13$r0K6npTLWc4mLkMW6lpi7e4Kh.M/h.yMeLpvNznjJFMrKB26oainq','',0),
	(467,'35941103071','$2y$13$veSkOPrEtxqscPE.LmUamueFLuWPfEFIih688qkk97FOrcv3IrIKe','',0),
	(468,'35951104071','$2y$13$f4dShjMdssW9KLOdwWdPmu/qsusuvOO9roAUlLTPt8E6K6PbNB/9q','',0),
	(469,'35961105071','$2y$13$CHBdrqBose9iz7qqQyUW8.36abgi98.PQ08s/Q7dwXMebSTOi/i7u','',0),
	(470,'35971106071','$2y$13$JfPZj5YXqgC7.KYk/ywTze3YPp71ihNr1IA/zf399iB4IY7v2wTIG','',0),
	(471,'35981107071','$2y$13$y31VEkM6wny5VW9ypWoUQ./FFxQS8/OLcYy/tdPP2x.iUErvBA9xe','',0),
	(472,'35991108071','$2y$13$rr2Cl7ULQ5tiAgDpddVhe.jgPpJWR0PRWDQ7fFkvaBSdt8JzMGGlW','',0),
	(473,'36001109071','$2y$13$1uPACQF/bztWhaGmjpEs8.6hg4BC4uDhwtfqHwByETAnLDxWDf1Fm','',0),
	(474,'36011110071','$2y$13$SjFWkTdOL.mdRtn7v2m4Luvil2X1utF5NDI3bxHyIfdMux22XlqGm','',0),
	(475,'36021111071','$2y$13$WVtQrc3.bpu7wgCYptOCPek5sxK89LqamxLw5PYsySdIsRSF.pZHG','',0),
	(476,'36031112071','$2y$13$FtrigaCKDp5gI2jF8x2hj.r.l3Yu6/x/Dfu.oaBQEj6DcPfBPynVK','',0),
	(477,'36041113071','$2y$13$51o1PSnMdxzYLtC93QPTVevgFg1H1hkjc46wGwP7bOATeQ6xTjhvS','',0),
	(478,'36051114071','$2y$13$JWY0Kp4cEeCHvX0FpSXZM.6htRR9gd4DNLemMysBWhECWHXjHYU3.','',0),
	(479,'36061115071','$2y$13$abL0q7cbNfbCGi80MSzv9.dBwHgHH4LcJugotlNmK3l2eSsvDlBFy','',0),
	(480,'36071116071','$2y$13$HAEIip4M3VdAilw1K42.bOtRUuyaA2zypN7bpcntWFuwspGv3dDwa','',0),
	(481,'36081117071','$2y$13$W8wNm/WamhRg3gcfxSeRuO136.AEokZqSq/zrLnxHppzGHYw6boz2','',0),
	(482,'36091118071','$2y$13$Ys7chE9yM/S5ai2ScJOBceC116WMAmg8kbd68YSFuhTUN2sHA5a6u','',0),
	(483,'36101119071','$2y$13$WoUPfzFXbN.DLsnfas8ayOZiffEn5K/rDyEWh7SngQAbAQw9Wuzau','',0),
	(484,'36111120071','$2y$13$ZQ9l9hdqFF.G4dM9d/nvvejAqjl5G.LqxHRzPshJQbn/6qhp4Uk7m','',0),
	(485,'36121121071','$2y$13$q6ka6K/VFa56tVqfX1lALOW4k57l/TV9b8OSoZa2uxPlgN7MY2Z8a','',0),
	(486,'36131122071','$2y$13$LbVHgt3XX6wAt/aw5R0utuvUe99FfciQL6as9Usne.RVHQesWGKbS','',0),
	(487,'36141123071','$2y$13$UpqcEU4D3.wL7iF1oYQPtumISVuoEW3IYMr3TNWheBOJ7V2r2Ct2u','',0),
	(488,'36151124071','$2y$13$Ymt7YS/fwQ1VVfZSIsl25ePgyMClC4L3NrVhtI.F7t0pgW3QewUYS','',0),
	(489,'36161125071','$2y$13$IvPOxW8W1bRN5U.11g9JD.s8WqfPSnxF2ZgkrFkUjlHpTbTTYmZLy','',0),
	(490,'36171126071','$2y$13$dc2TeOqsI9xUhuRY1P3VtektAANkHr9moWSkkZVV.ZiTooEZoAahe','',0),
	(491,'36181127071','$2y$13$XWEpLOf.tEdRKOk0fbWG7Olxfb3sZrUDrZOESmK6hKvheMZcX/XOS','',0),
	(492,'3619839070','$2y$13$VYrUlsyl97l6Fci4pjiEgOXAQwUCy5LZnOypy7yidismgtGUvxgNK','',0),
	(493,'3620840070','$2y$13$H/hvtslqAWidXsVmdaagte2JVVUyWGKffhedKlsoODcqL97RH6TV6','',0),
	(494,'3621841070','$2y$13$FM9i0RLy0TuhZj1KHY9C3e4IaRxgzwVf2iX6TtHcKAhAhGe.sBXUe','',0),
	(495,'3622842070','$2y$13$kIhVn3G8u2EbBb0IXAsW7OnVarJMKIax8peLESOJc1iXLQFFwdXey','',0),
	(496,'3623843070','$2y$13$L5WwzlnWwx58ze9F3.5o9uGcuTG7osrL0tr1UaOUUg/N95srZ2Fz6','',0),
	(497,'3624844070','$2y$13$ldIxbvhBQGJbnv1g.fThsObTyePVrtyauuwdr0UbEdq8SV5mUJTzm','',0),
	(498,'3625845070','$2y$13$iMpEr/dGKlKQiZG3NPUORevODuzKSslTuMQ2GDKi8xX.Re4LTuD16','',0),
	(499,'3626846070','$2y$13$7A9IkqsjaeM60G3KITCOZuG9kXbM0F/xvZjczFKRH90zPG1vFZBr.','',0),
	(500,'3627847070','$2y$13$DkBC9YoXIAMz9IDGwNvlBeFuYbo.8YTujDU8VROtO0MP4mmlTMQhC','',0),
	(501,'3628848070','$2y$13$91zq9s9uTx4DQzNFUAm/vOLEVvlkdUJYjsbgYFXJt9LU2Q3EQz0i6','',0),
	(502,'3629849070','$2y$13$qJIiMqn17LnnEqL/3LKmzuWOFB/WPYroMmKpR41kHlcF9jShnsH3O','',0),
	(503,'3630850070','$2y$13$ANtxIs1tzsCHpZzyMyp6oeSwJVNYrk15QB5njl0Ea9LmNodP74b5a','',0),
	(504,'3631851070','$2y$13$522Gf1IwNLoDCgx7JJIjg.2rEzh2kO69YU9z9QSfYLQ/9c44b8O06','',0),
	(505,'3632852070','$2y$13$a2uusqBKomSUv8J1HcMG3.eJhr5iTy0pIfDJOSrYbJmaq86j0MXjW','',0),
	(506,'3633853070','$2y$13$krm3C.U9P3QG5Esw2sol1.PGIF6XI8I4d7PYolcTdF1pyhqJoAER2','',0),
	(507,'3634854070','$2y$13$hQLODSIb5J0pD2fiOIa/iOO58zLN4xoG/353Zp.zJxc3tnCYLOGNG','',0),
	(508,'3635855070','$2y$13$6SMdiIGWFRjc/f41TJjEgOrpopwimrl3CGWlnFpjHM7o.r6frnBBK','',0),
	(509,'3636856070','$2y$13$Mi6ZghdTX1kjtirAKDdw5.7BnVUGw/RbVY3FJWRcX8uXf5Uelwq3S','',0),
	(510,'3637857070','$2y$13$64Ek.obTeZeHYOQm2myhLuF6kQ.bcjyIz7.CceYViBvmOrPAUiUIi','',0),
	(511,'3638858070','$2y$13$xU9ep/Ig7d.zTjNfh9C2D.HvgBnr88u9evm8dy2LalMPE1wJ/S6AW','',0),
	(512,'3639859070','$2y$13$p.lOsUWgRYi9Qq17EvX5e.dL.VMMb8/BD0otg/pAO..hKEfAGtIW2','',0),
	(513,'3640860070','$2y$13$ABvz0eu463mp0OtgvdYNf.azGxlpCIWq0ETYpDqNThk0788Ue8hwi','',0),
	(514,'3641861070','$2y$13$4ouhEYAQDImv7r5tTAlBOOoUt/UI85gXHc5em.C0SRR//eXuOuJPC','',0),
	(515,'3642862070','$2y$13$VtVus7ifd.d3Aj1klj0P5u.2ev4SK68y4sCwSr9Nxg7vBbjvXG9I2','',0),
	(516,'3643863070','$2y$13$rora6cnVpGqWHARmnAsIMuu2LEbI1lbFpgyWGHOcUP10aBtB/A2YO','',0),
	(517,'3644864070','$2y$13$Wss6BQjYXfYxtjCkoXrs4ugY4Mx/JI5w.ApN0tbnTnzslWu.ok1ue','',0),
	(518,'3645865070','$2y$13$Jm1VHiDBaXXyLocdmi59meec575OCg8V86/fXhy9fYUq3cgwJV2JW','',0),
	(519,'3646866070','$2y$13$PHc0ItzcI23u2FjJg4bhteoV8cVywqGjlvdhIRbs2C97YTB4EakGC','',0),
	(520,'3647867070','$2y$13$YQz7Dubn2z2zH9d1ffSAbe0W36mBsXkkX/KnQ/2ToVuM1QMknOh3W','',0),
	(521,'3648868070','$2y$13$QzTFY3GTuvX73N2uWri5z.4LYkLp7qET2VulG2kG9o2zswx6rgIia','',0),
	(522,'3649869070','$2y$13$sg/F1YCZ/egxIzCdxC/w1u/1ffLQYb1fQYaif2hlqFhWijtQDNbIq','',0),
	(523,'3650870070','$2y$13$7TbsJNw5yXvLfUA5I8apMOoZIlSTjqOeYKzRVu9tkk2r.T3io474.','',0),
	(524,'3651871070','$2y$13$2jjKxtmhC2kfJnhLGIj3GuOXE/fzjPmMQDm9OJEegw4TTAB3nlBiG','',0),
	(525,'3652872070','$2y$13$XuL8tyF4n9g.RgFnn9/fEO93TPKdFrffRpPP.tH/ZGdYsqn3b3epS','',0),
	(526,'3653873070','$2y$13$.UYYpBHGPKFEs43xcYX7LOySxVc8X1kzWfKB28/CGLDXYODhErvl2','',0),
	(527,'3654874070','$2y$13$CmJLAyikChR8n2PqI4jro.714elb3V/H.M/iJoCYT5ubzKpd7Ut2a','',0),
	(528,'3655875070','$2y$13$tuv96v2DmfVJhrw2uXAhgeKsy5ttXdv/KhPPDaBMDUfqkxHd3NdSu','',0),
	(529,'3656876070','$2y$13$LYywXP6OQY6pbNoLuw38EeTiEwl8kbtz2XbGjjYqFe7JuOKbrLO82','',0),
	(530,'3657877070','$2y$13$SpNDXk5Uq.n0Xi0R0RwRv.l/ttdzvkx5TL4.PdhMtIpbmbSFw/SWG','',0),
	(531,'3658878070','$2y$13$4dIzBzUMhG9ajHdZfUGBHev0eD3linavmRj7VxXQ40xaNdFfNfnpS','',0),
	(532,'3659879070','$2y$13$NY3c91TdCyBRcJvvDBadGeuCyI2WWuvmqagXVSagFJsDW108uSXgO','',0),
	(533,'3660880070','$2y$13$dGR2CLA7FTyuvbp0eCo0pOmUXabA/Mj4uEVATgVo1zddCs/JF7tzi','',0),
	(534,'3661881070','$2y$13$NRHeY1lt6N.VuzxQpoEWZeW.h8ER/xCGNyVoR4HJFeh4Vkp1W12eq','',0),
	(535,'3662882070','$2y$13$xb4hkQeYT0wRBdl0BaFOiue/MNtAfcvLN2ZnjkuxJJwQZYSTZ.5n2','',0),
	(536,'3663883070','$2y$13$mrqx7cnTelc7xads1kXh3eddOZhoYSINzWAcnhHSChnXIIlG1X07i','',0),
	(537,'3664884070','$2y$13$vkJ8PaVsNgIiqrmDoSZZueobmOjrsFa/AWOhZKD9RdDNBv9Ritzey','',0),
	(538,'3665885070','$2y$13$IbX3fywOpnUUYvo4L5Lw4O8B2xhzTLUV0sgNHQjjfXedDsAAoc01i','',0),
	(539,'3666886070','$2y$13$gwlGmALneiumT2x1dg2srO.S9ndPSjOvpei4msis/kDmweUTahVZq','',0),
	(540,'3667887070','$2y$13$DOiNMG1/3yEI7JHfw4fsmeHaW43yV.mHruCtuB.ZP.dKxe0A4ea9W','',0),
	(541,'3668888070','$2y$13$GE.x0xmd6ILhy2VQsMXK9elQsQGcMnt/Vl3mTwJg1hb6kHer2szaC','',0),
	(542,'3669889070','$2y$13$mIswpuqLM.7fxyMQ0zTeHuTlokxgD9wG2LfNjsTfNrBcXFT6Dsv.y','',0),
	(543,'3670890070','$2y$13$Y9ZtvqGRwjwcQfGbQCELnOfQmnFmywGg8SbqpcvG.CaN7d3C5pcLe','',0),
	(544,'3671891070','$2y$13$jm7vFkNefyATmsu/s/PKPewfLt0bk/je.1j1CXMwwQMd2evNuHG06','',0),
	(545,'3672892070','$2y$13$GrgjM6rvBxUGzWkTAVLRmOd9tsDcFf0DOoNCZiWOeYKbNDVt68RYG','',0),
	(546,'3673893070','$2y$13$xCB8oEqiAkzzmhHnRBlaTuMFHHwxmAs45ERBFBQmhEE9PgyrcVExO','',0),
	(547,'3674894070','$2y$13$rrqUeCvaqGztHH7ipmLk2OPX7HTxs3wAb2.Mw90n1NlQVYJcI1kku','',0),
	(548,'3675895070','$2y$13$LwoZYhkK9gDuOPAsOqyPbufn1JzLMlCdub7fLdYogWnPoqkDdrjLC','',0),
	(549,'3676896070','$2y$13$ipT/OD9B/1bQCkBMG/IaUu5H9GLbSHAnkcRJqZ/55oleFucZWlO4S','',0),
	(550,'3677897070','$2y$13$ys3DWvFrFXb4zm8V.WYoaehdZQAqyK9BClyK2MYZJGhY9HtBFSzZe','',0),
	(551,'3678898070','$2y$13$2JgM.tWBsf38aObejf6tqeLEaABakrSuxeCOrqE3rZaI4GFJCQ7eO','',0),
	(552,'3679899070','$2y$13$WxANqpwOdtz2SDjnUvnD8eJGa46X/xb0xwoK0RB4y3HANZVRiYyfW','',0),
	(553,'3680900070','$2y$13$Bd8Aw/bXlTqp30vbxcIHxeTb/.hA7wFtG2gkp8nQLKlQHblbukDh6','',0),
	(554,'3681901070','$2y$13$xeVI6..iIiSagM1ukdUgXOLYIkQUJpmoXgPgGTva4hXrm3QVmHKTC','',0),
	(555,'3682902070','$2y$13$V.9j/7Oow5lggbVwDeLGhuTaBtHFI3Gwg4jgsOquvbG.Ta6JTayXu','',0),
	(556,'3683903070','$2y$13$R5ZGDD8LjqIxRvrVdMT5xuJoM.noJltwkGEVlJrLS./ftY3aZ56aq','',0),
	(557,'3684904070','$2y$13$5uvis/EsnoPG9tns05hbb.j4s7VyHuAwIV0Hx4m4aCklsSYF9vq/e','',0),
	(558,'3685905070','$2y$13$R.x74afM3ZgjchVxa/W75.mIOis5wUs3/OEm32Sx7c/81ujGVVLdO','',0),
	(559,'3686906070','$2y$13$QlLUDqa3mVOBf3lLm2GjJOWzjM8Hpi7684kMFXJOdVgoDePTB.aX.','',0),
	(560,'3687907070','$2y$13$oX3g4vu9KgeANSFndeypDO7jHhlzicYSpuk12G9rArlF18uSkaiIK','',0),
	(561,'3688908070','$2y$13$Fa/vBmDELEZgzQrUIy8sBOoDarBFnEiOR/vm0P2yhPz6xkDt/M6H6','',0),
	(562,'3689909070','$2y$13$SRpI.uhz8tE3gusMto7ckeI1UcmKnGrCvs.v3giao9J02IBudqowC','',0),
	(563,'3690910070','$2y$13$dUQJfUk8CjvowammBVZR3.uP260UhW0yjINnI8R2ycIMiAjyqUgge','',0),
	(564,'3691911070','$2y$13$jEaax.rPa4EaYVYsKuO07ut24RayCsAXBybbvBxogb4be4ukwBiDu','',0),
	(565,'3692912070','$2y$13$moRGxk8buFs89Q/lP4rNRuwCSBJM3pS6BnZNImKrnJd/x/xhDWC.G','',0),
	(566,'3693913070','$2y$13$Tjve3xTQjN1G5smoR9sguOBThcamav.MqHKKz0ha9wEJjPFl6hVBq','',0),
	(567,'3694914070','$2y$13$DEvxUhHW/hgYDD6hblGOhebOwWIqA6U40G7tkJtbAXuPnzg21FNsC','',0),
	(568,'3695915070','$2y$13$PbGt2NHQ4l5/8lSgH0qqBu1JusHvWxDjkzYMIaPy6iw4vfVVAsvn6','',0),
	(569,'3696916070','$2y$13$aPV5AXjPQYwVDSlEc/6oteq3WVIX7aDIqZ0mtoU0vkGHeOxE.Oqne','',0),
	(570,'3697917070','$2y$13$y/SauHGJ9/q7p9g0BmcJPe.64tJm0BiC9UdCOg8rdUBvHTumMe69G','',0),
	(571,'3698918070','$2y$13$KhlNbi.CNp/AB0wm3pJgHuJvJI4i3rvBwDwrNt2NO/0txB.vKq9P6','',0),
	(572,'3699919070','$2y$13$bWzAboISLzH1l6IeeUjaye8Z/t55RQn2zm5FVQbsVadmZW9qWhk7W','',0),
	(573,'3700920070','$2y$13$6vX6B0mnUrHlVm8g2zKxOOlilIaA6gbUyjNYPn1fiitu1E/aJCywa','',0),
	(574,'3701921070','$2y$13$7GBy2W4nvYM4ZD3pap/aFesF5.3S64MMx8hrp5/xF3BFCdAntYTkW','',0),
	(575,'3702922070','$2y$13$/PmC1nUyW/uoMWvrfEnBzuMStLRAxI3Y86jbZKbl.kxekNIUwC3ry','',0),
	(576,'3703923070','$2y$13$Rs92mv3m2Bku9uUvyMOnSuNxCfqAZ0R6SOlyJNE13hsI/Qj8BOOii','',0),
	(577,'3704924070','$2y$13$CVHy/VL5pMhAoEh2oqj/nODa8HPZ2z8I1dV3kvIMtvFMr5/BGJjXm','',0),
	(578,'3705925070','$2y$13$0kutCZPdBBREiOpeDitsbuYMsKHby4LH./OB7dMaIJMai0pp3Hgi2','',0),
	(579,'3706926070','$2y$13$/bgmbdejvE0FpPYNnyOTBekOinzUynUxIqT.78eUpL3SaZboW8m16','',0),
	(580,'3707927070','$2y$13$PXGgCXh5jH5jgAmCsKAgg.W38qR2Wa1Ef8dVKjrMdyW/9ChXlw7Vm','',0),
	(581,'3708928070','$2y$13$tXGgyvSem6jTHvFUBKmFnux8O1PqRZiW/oQ7BQ/mV.GY.bjgznexG','',0),
	(582,'3709929070','$2y$13$wAWKXCLOO6BKIf.NnYt5f.CSkaT603Rkai.WJF7xRHSTu01ijJW22','',0),
	(583,'3710930070','$2y$13$2hZxBOuuGxL.oliVuFX8AuaKvetVYW6VIhqMjxWoeycNe6LEk9xmK','',0),
	(584,'3711931070','$2y$13$6gHdhxzhmL.89ffFdWR38uG8oQ0hEU7c3K27n84poXrYGhNgBbN0i','',0),
	(585,'3712932070','$2y$13$OHkaVlAuneeD3cpqli5tvuCphDmbZQVHReBsHWkasuMsaBUg1kVwC','',0),
	(586,'3713933070','$2y$13$KXhtQwxcUlB9xTObJDknwe6FEiKyetxV9CQwamFYDTJDzJyGmd3jq','',0),
	(587,'3715935070','$2y$13$.nA6PmVZbhpIh3BPCBZALOzAAozOAgt8qhSPmUwpfWAnlxPgZGrl.','',0),
	(588,'3716936070','$2y$13$2Q32wu4B9D1c8Ok5YgdkveYLt9maJTwuDjMlJjyz6CZi5C8aX5pAK','',0),
	(589,'3717937070','$2y$13$o9ZRTaxh3vPe/wemxoqSGOmIfhbs6w1ThokARXjA7zzvnkU/vab66','',0),
	(590,'3718938070','$2y$13$5pM2LOjTNPfgZ7CIeEnYG.bY5K9HIrqDzpgFzFv7zgq6Vsw/seTJS','',0),
	(591,'3719939070','$2y$13$yBnEDay1iA72d/3hd.uyHuXqPHZbCtbFi9pg0PDhu/lInEGsn7IyC','',0),
	(592,'3720940070','$2y$13$2Axj3uXy1VySjfDF8Gf7WeHhDbU4RdK6ThBPPaq4Dr2xyVkWK23E2','',0),
	(593,'3721941070','$2y$13$C0SR5x6e90CIVKa4rwchNOW7a4I8lqsnW3CNLifzQQLWs0WiPE9P2','',0),
	(594,'3722942070','$2y$13$rwSqjtEdvfqvWzulE3Uh6.1/nHcMbSB0jeSbjjQ0f29f6Tj4ts7pG','',0),
	(595,'3723943070','$2y$13$sEgHearkGxm61G8X8Lk1heex0Y83wf/3.l0xSi0SsXpbxlQZ2YCbC','',0),
	(596,'3724944070','$2y$13$4Bl4LrUAvgmfoyQaBYoHOuy9Eu.h8HPfhImfQLGgAoihxbM/DGyzC','',0),
	(597,'3725945070','$2y$13$rt04XExpuRLf2fWstrw58O4D16GhpJCiqSSu9gjq6oxKT0S/HFK9m','',0),
	(598,'3726946070','$2y$13$I0KxmiCMTaq.Y.Ve.gCIyeCodHH7NdeQ6bY9kqR.QWfZJssH0uWDK','',0),
	(599,'3727947070','$2y$13$4J9IQZ5nn.e85MRjXn62KuI7q9gZh0EcVvzmY89Q046jBItbqfg.S','',0),
	(600,'3728948070','$2y$13$MVkuj2/a/Mfw/aRhCIKA.uI35IIm/9Ie9RtAaXnoE0/c67y32DZt2','',0),
	(601,'3729949070','$2y$13$db8bkyGl6/hgFgBinJizU.VTR7nJe26RDAXOlEGOyUxJ0QkgR/HQu','',0),
	(602,'3730950070','$2y$13$Q01x5OcJk6Jc/a5CmnvT0uNIvCsXtscSiqFEblajU3DocHuKHk8Pi','',0),
	(603,'3731951070','$2y$13$MlwN6wyk94iaxaSyWhPPp.N7cIa01yfQwM9zNkZP0z/f7Bb9hNCsW','',0),
	(604,'3732952070','$2y$13$CJAU6jCNiJWh6HByMFn7V.oKUwwOj7jJ92ccbmtTm0ig5RX/zfQ3e','',0),
	(605,'3733953070','$2y$13$WurmU70wWQw572hqN3e.yelqMAXpXDbH4omjLABE7m2eGoysFH.Ea','',0),
	(606,'3734954070','$2y$13$XQkOKSUB47SwRzYSKP5Gsuba27S.SnJnGuQErC460cXiZDTQPWmTO','',0),
	(607,'3735955070','$2y$13$F07Hmp5WltIyhDqoOBPYh.UHWosCMhDY.ni73ITa.Gvp8cvnvBR1W','',0),
	(608,'3736956070','$2y$13$ZUBm60tqmF6tFNq5SsW7SeSxNpYyhidAYmqWNcqbU2DQy0IUQE9iq','',0),
	(609,'3737957070','$2y$13$K3YjRCWgLlKq7zNpQJO3H.PK4EQT.f61DeDUANti3ElIvhmV3UgBO','',0),
	(610,'3738958070','$2y$13$y.XggXG/tdzStfAOLWbaOetRFDQSu.Fu59C0pVMJ/NuTEswu3/DJy','',0),
	(611,'3739959070','$2y$13$vIpJe1YOm/AZrKHWMh/tN.pOv6Ny/MxfAIdMJY9QtQyT1IQUr/Yvi','',0),
	(612,'3740960070','$2y$13$2WFDX4zSYoE0RZRXlmmQouzneMcll6sgRZFtYi98x72TK2cKyhqxO','',0),
	(613,'3741961070','$2y$13$NrbWE8ryyraLvesEFCU7ouH8fzVTGTr87Vmw32ZWE3O4a4uEZNRtG','',0),
	(614,'3742962070','$2y$13$Mu9vy/qNbzyZGrbrQQpVhecudvkm44l4KHchPA59N.H4LckPuQCVi','',0),
	(615,'3743963070','$2y$13$FgNRJy9dcSK0zYj7jr5G8e8cL6aq56bG8QE/til5/NqNhu1YMEeHS','',0),
	(616,'3744964070','$2y$13$m18Ho8Ow4VeOlSGpemljHupb7gNK4TJ1452v/7jpOvFyDBaCdBzZy','',0),
	(617,'3745965070','$2y$13$T9ffPArx4Eh7FFWrSQq.EuwlXP3Bh7QkiPfgXtZb/CQwmtfth1/s2','',0),
	(618,'3746966070','$2y$13$yZmIfQmmeggEdzKVG8MZsu1U3qfP9mqqA/xNyhkQSIO2R5nE96SW6','',0),
	(619,'3747967070','$2y$13$JqIwXUKt5ulWURrSqL7NveEf8bCkHCAKmo0TL.kdABdS.nCnU0a/a','',0),
	(620,'3748968070','$2y$13$9imcw39YdeXx415GIjHDvOQJK5mAafBs2StRq2qbIIzeLCj5jO45C','',0),
	(621,'3749969070','$2y$13$xFq48ONB3vjcpjTMrdLdyeZ4ho/n.iTG7uhxGro8AORM43f8k9J7i','',0),
	(622,'3750970070','$2y$13$dCDN3K3JgiSrqwUnvymWhu5.9ty.b9IacuVjNHKN6LUp.d94xYBNa','',0),
	(623,'3751971070','$2y$13$sA30z7KUgGkMPWKOSHyzy.91lrafQ.yuGT6t4RIQBGXg2WLvypMmS','',0),
	(624,'3752972070','$2y$13$CAz7Q.52uE04G/VhDhzTvelTBLHFW9BWWYb3xkUeTuFeAexdkjXeC','',0),
	(625,'3753973070','$2y$13$4a/Si95LKRLu88YW6vEwM.CegkS6pJpsrq0hddvg6wOh.QeVgYEDG','',0),
	(626,'3754974070','$2y$13$ptZM96G.loaoZTrQK21XcOM27DF20xZdph7vpm4OFieoy.l635Z6y','',0),
	(627,'3755975070','$2y$13$ck5roEJES1MfG39NvItb.Ok7SMvQlk3qJYjNcbVLqGKfQd5.DqEr6','',0),
	(628,'3756976070','$2y$13$NGzJCi.0E0TVr2uksyKQUOutIE8bFwVaJTEPWkoEngNw6UOcsbKQ.','',0),
	(629,'3757977070','$2y$13$YthUpjq.LpBYy9yZZlqh8O1sReXWPUNNopkUHeE9KfkYBb8yOwoS6','',0),
	(630,'3758978070','$2y$13$UTnVSU6ybPKL/4yMKcdF0.BJ/mJ0z3dPiBLvYKB4iUUPfoANGxqL6','',0),
	(631,'3759979070','$2y$13$zvypg20E0XuNzPZRFN0KVeYTArJlkCM2FPwDeKGA8H58T2ACkk9EW','',0),
	(632,'3760980070','$2y$13$RL3clyj/4waldKZc/r5oN.DT1iks25IQL190bk97M2vz.LC6lxQka','',0),
	(633,'3761981070','$2y$13$k36Bx0va4EWwnh02/EfnB.GZL1noYFBU4UAgs91hdxsS/lsotBItG','',0),
	(634,'3762982070','$2y$13$tXfIqAtvaEZwTJT2huIC5uxDI2IwIDmQmyaTZTk0uHVg6L6Mw3o4i','',0),
	(635,'3763983070','$2y$13$q5.gHkPdrIN57yvWTUKikevpy293BuA2UYtKk0zBM/8gl6IWzH6zW','',0),
	(636,'3764984070','$2y$13$0L6ML8DJdw8YLyAJ/0/fyuUvALkKOs4M.MPyiHjoyp91P9AFjA4mm','',0),
	(637,'3765985070','$2y$13$O3dpauPSaoDQLbXP4YR3ZeSZ.4vr6niw.f95Zq0bBSiM.SXD6DpBK','',0),
	(638,'3766986070','$2y$13$ZhEYFCCt4ZjfvjJS79wVoeNuKwGh.F5GxLxvGUbbnx7b5DVuvyu7y','',0),
	(639,'3767987070','$2y$13$DotvNIfo76nWPLg0ZMOfEOdhBXYr5SMluN1RuiVTGV6rCe172OZPO','',0),
	(640,'3768988070','$2y$13$xo1QyAEEO7wVq7DmzXAxQ.9JPConGnvxOTsEzOIBiUXc26sN3R5L.','',0),
	(641,'3769989070','$2y$13$SEeFQMQWk9RxxcmjtIgfu.FnsvDKejFpcfytliZSo8Phq/SuckkQm','',0),
	(642,'3770990070','$2y$13$Qgi2NLO7wT67T2xeGJwuU.V/FRBJT0s0/NXUkvzFXudBc2CsyMusC','',0),
	(643,'3771991070','$2y$13$3GZ8QBaQtcIKUUAHrA2dNuynqPKkQaPSuzMKU2kquyE9qTVKzsWE2','',0),
	(644,'3772992070','$2y$13$y0jekNvGBfTb3dNG3VRFXeswqYvfuLV9855nNiFqjOOtXIdj/Oeq.','',0),
	(645,'3773993070','$2y$13$yAcRbTKvISFjjxY8rPM6Fe1bnDJxEnBP8NiXJXje7qrpV5ChCHEPi','',0),
	(646,'3774994070','$2y$13$pU67NEfJg05QQLMS7/ck5OLrNLu6JvD/or40fx.upCXSMS1GefwXS','',0),
	(647,'3775995070','$2y$13$FRVH3yc3a7ey08Ihv5C.DedkgVt2.FdKVw8FyYG9Y0rFBwd.UowgK','',0),
	(648,'3776996070','$2y$13$uPK8P//fxjMmDXojYjV8W.Ljh810G7S1./ta3g/nA8vYg8p2cRemm','',0),
	(649,'3777997070','$2y$13$ZgU6xLYJ8UlUdmuLZBRhbey8CfWynggWpxsp779wRFt.v4XeS/kS2','',0),
	(650,'pembicara1','','denma.willyando@gmail.com',0),
	(651,'pembicara2','','probopurwowicaksono@gmail.com',0),
	(652,'pembicara3','','andika@sains.me',0),
	(653,'pembicara4','','arief.darmawan@eaciit.com',0),
	(654,'pembicara5','','adek.erlina@gmail.com',0),
	(655,'pembicara6','','arfiyanti.linda@gmail.com',0),
	(656,'pembicara7','','caesar@hellonemo.com',0),
	(657,'pembicara8','','naishakid@gmail.com',0),
	(658,'pembicara9','','gheasafferina@gmail.com',0),
	(659,'pembicara10','','helgaindra@gmail.com',0),
	(660,'pembicara11','','lathifulamri@yahoo.com',0),
	(661,'pembicara12','','dennykey@gmail.com',0),
	(662,'pembicara13','','felis@canisnfelis.com',0),
	(663,'pembicara14','','eko.yanuarianto@indosat.com',0),
	(664,'pembicara15','','rara79@gmail.com',0),
	(665,'pembicara16','','moz@fauzanalfi.com',0),
	(666,'pembicara17','','kelimutu.rizki@gmail.com',0),
	(667,'pembicara18','','technowizard17@gmail.com',0),
	(668,'pembicara19','','ariefbayu@gmail.com',0),
	(669,'pembicara20','','',0),
	(670,'pembicara21','','gedearka@telkom.co.id',0),
	(671,'pembicara22','','agung.erwan@gmail.com',0),
	(672,'pembicara23','','oinkdenguik@gmail.com',0),
	(673,'pembicara24','','benny@kreavi.com',0),
	(674,'pembicara25','','adaideaja@gmail.com',0),
	(675,'pembicara26','','adhi@mechanimotion.com',0);

/*!40000 ALTER TABLE `users` ENABLE KEYS */;
UNLOCK TABLES;



/*!40111 SET SQL_NOTES=@OLD_SQL_NOTES */;
/*!40101 SET SQL_MODE=@OLD_SQL_MODE */;
/*!40014 SET FOREIGN_KEY_CHECKS=@OLD_FOREIGN_KEY_CHECKS */;
/*!40101 SET CHARACTER_SET_CLIENT=@OLD_CHARACTER_SET_CLIENT */;
/*!40101 SET CHARACTER_SET_RESULTS=@OLD_CHARACTER_SET_RESULTS */;
/*!40101 SET COLLATION_CONNECTION=@OLD_COLLATION_CONNECTION */;
